lotnum,ytotal,y1,y2,y3,y4,y5,y6,x1,x2,x3,x4,x5,x6,x7,x8,x9,x10
Lot1,22,0,10,1,7,1,3,A,A2,A3,B4,C5,C6,B7,B8,A9,A10
Lot2,27,13,11,0,0,0,3,B,A2,A3,B4,C5,B6,B7,B8,A9,A10
Lot3,31,0,15,5,6,0,5,A,B2,A3,B4,C5,C6,B7,B8,A9,A10
Lot4,38,7,15,6,0,7,3,A,A2,A3,B4,C5,B6,B7,B8,A9,A10
Lot5,30,8,7,8,0,6,1,B,B2,A3,B4,C5,B6,A7,B8,B9,A10
Lot6,54,7,22,2,0,15,8,A,A2,A3,B4,C5,B6,A7,B8,A9,A10
Lot7,31,2,9,8,0,9,3,A,B2,A3,B4,C5,B6,A7,B8,B9,A10
Lot8,32,4,11,5,0,8,4,A,B2,A3,B4,C5,B6,A7,B8,A9,A10
Lot9,28,7,10,6,0,4,1,B,B2,A3,B4,C5,B6,A7,B8,B9,A10
Lot10,23,0,4,1,10,1,7,A,A2,A3,B4,C5,C6,B7,B8,A9,A10
Lot11,55,4,23,8,0,19,1,B,B2,A3,B4,C5,B6,A7,B8,A9,A10
Lot12,22,18,4,0,0,0,0,A,A2,A3,B4,C5,B6,B7,B8,A9,A10
Lot13,46,9,16,2,0,18,1,A,A2,A3,B4,C5,C6,A7,B8,A9,A10
Lot14,36,10,10,6,0,8,2,A,B2,A3,B4,C5,B6,A7,B8,A9,A10
Lot15,59,21,19,4,0,13,2,A,B2,A3,B4,C5,B6,A7,B8,A9,A10
Lot16,47,8,15,1,0,16,7,A,A2,A3,B4,C5,B6,B7,B8,A9,A10
Lot17,57,9,19,7,1,15,6,A,B2,A3,B4,C5,C6,B7,B8,A9,B10
Lot18,33,13,19,0,0,0,1,A,B2,A3,B4,C5,B6,B7,B8,A9,A10
Lot19,27,0,15,6,1,4,1,A,A2,A3,B4,C5,B6,B7,B8,A9,A10
Lot20,44,11,18,2,0,9,4,A,B2,A3,B4,C5,B6,A7,B8,A9,A10
Lot21,36,5,19,3,0,8,1,A,B2,A3,B4,C5,C6,B7,B8,A9,B10
Lot22,23,12,8,0,0,0,3,A,A2,A3,B4,C5,B6,B7,B8,A9,A10
Lot23,36,8,13,5,0,6,4,B,B2,A3,B4,C5,B6,B7,B8,B9,A10
Lot24,25,0,9,1,8,5,2,A,A2,A3,B4,C5,C6,B7,B8,B9,A10
Lot25,55,0,25,5,11,6,8,A,B2,A3,B4,C5,B6,A7,B8,B9,B10
Lot26,44,11,16,5,0,11,1,B,B2,A3,B4,C5,B6,A7,B8,A9,A10
Lot27,17,0,6,2,6,0,3,B,B2,A3,B4,C5,C6,B7,B8,A9,A10
Lot28,31,5,13,0,0,13,0,A,A2,A3,B4,C5,B6,B7,B8,A9,A10
Lot29,33,4,10,9,0,6,4,B,B2,A3,B4,C5,C6,B7,B8,A9,B10
Lot30,61,20,12,4,0,23,2,A,B2,A3,B4,C5,B6,A7,B8,A9,A10
Lot31,30,11,17,0,0,0,2,B,A2,A3,B4,C5,B6,B7,B8,A9,A10
Lot32,16,7,7,0,0,0,2,A,A2,A3,B4,C5,B6,B7,B8,A9,A10
Lot33,24,12,10,0,0,0,2,A,A2,A3,B4,C5,B6,B7,B8,A9,A10
Lot34,21,8,7,0,0,1,5,A,A2,A3,B4,C5,B6,B7,B8,A9,A10
Lot35,18,9,7,0,0,0,2,B,A2,A3,B4,C5,B6,B7,B8,A9,A10
Lot36,38,8,13,10,0,5,2,A,B2,A3,B4,C5,B6,B7,B8,B9,B10
Lot37,34,1,10,1,17,5,0,A,A2,B3,B4,C5,C6,B7,B8,A9,B10
Lot38,48,7,22,9,0,6,4,B,A2,A3,B4,C5,B6,B7,B8,B9,B10
Lot39,34,13,17,0,0,0,4,B,A2,A3,B4,C5,B6,B7,B8,A9,A10
Lot40,43,7,18,4,0,6,8,B,B2,A3,B4,C5,C6,B7,B8,B9,B10
Lot41,34,0,9,9,11,3,2,C,B2,A3,B4,C5,B6,A7,B8,B9,B10
Lot42,17,15,1,0,0,1,0,B,B2,A3,B4,C5,B6,B7,B8,A9,A10
Lot43,41,4,17,7,0,7,6,B,B2,A3,B4,C5,C6,B7,B8,B9,B10
Lot44,23,8,5,3,0,4,3,B,A2,A3,B4,C5,C6,B7,A8,A9,B10
Lot45,54,0,24,8,12,5,5,A,A2,A3,B4,C5,B6,A7,B8,B9,B10
Lot46,39,6,13,5,0,8,7,B,B2,A3,B4,C5,C6,B7,B8,A9,B10
Lot47,61,12,25,4,0,14,6,A,A2,A3,B4,C5,B6,B7,B8,A9,A10
Lot48,18,4,8,0,2,3,1,B,B2,A3,B4,C5,B6,C7,B8,A9,B10
Lot49,32,22,4,0,0,0,6,A,A2,A3,B4,C5,B6,B7,B8,A9,A10
Lot50,42,6,18,3,0,8,7,B,A2,A3,B4,C5,C6,B7,B8,A9,B10
Lot51,65,17,16,13,0,16,3,B,B2,A3,B4,C5,B6,A7,B8,A9,A10
Lot52,37,6,10,9,0,8,4,A,A2,A3,B4,C5,C6,B7,B8,B9,B10
Lot53,29,4,14,6,0,2,3,B,A2,A3,B4,C5,C6,B7,B8,A9,B10
Lot54,31,11,1,11,0,1,7,A,A2,A3,B4,C5,B6,A7,B8,A9,B10
Lot55,27,0,10,1,5,3,8,A,A2,A3,B4,C5,C6,B7,B8,A9,A10
Lot56,46,0,14,12,10,5,5,A,B2,A3,B4,C5,B6,A7,B8,B9,B10
Lot57,21,0,4,1,9,4,3,A,B2,A3,B4,C5,C6,B7,B8,B9,A10
Lot58,22,0,6,3,7,1,5,A,B2,A3,B4,C5,C6,B7,B8,A9,A10
Lot59,33,0,9,2,13,8,1,A,A2,A3,B4,C5,C6,B7,B8,B9,A10
Lot60,28,0,14,2,7,2,3,A,A2,A3,B4,C5,B6,A7,B8,B9,B10
Lot61,29,0,11,0,13,1,4,A,B2,A3,B4,C5,C6,B7,B8,B9,B10
Lot62,24,0,5,2,8,5,4,A,A2,A3,B4,C5,B6,A7,B8,B9,B10
Lot63,31,5,6,6,1,4,9,A,B2,A3,B4,C5,B6,A7,B8,A9,B10
Lot64,27,0,15,3,5,1,3,A,A2,A3,B4,C5,B6,A7,B8,A9,A10
Lot65,44,9,14,9,0,8,4,B,B2,A3,B4,C5,C6,B7,B8,A9,B10
Lot66,51,0,14,7,17,4,9,A,B2,A3,B4,C5,C6,A7,B8,B9,B10
Lot67,34,7,9,7,0,2,9,A,B2,A3,B4,C5,C6,A7,B8,A9,B10
Lot68,40,6,12,10,0,4,8,B,A2,A3,B4,C5,B6,B7,B8,B9,B10
Lot69,43,8,6,1,0,24,4,A,A2,B3,B4,C5,B6,B7,B8,A9,B10
Lot70,27,0,17,2,8,0,0,A,A2,A3,B4,C5,B6,A7,B8,B9,B10
Lot71,32,0,16,5,6,2,3,A,A2,A3,B4,C5,B6,A7,B8,A9,A10
Lot72,56,0,23,13,6,9,5,A,A2,A3,B4,C5,B6,A7,B8,B9,B10
Lot73,35,9,11,7,0,4,4,B,B2,A3,B4,C5,C6,B7,B8,B9,B10
Lot74,27,0,10,1,10,3,3,A,A2,A3,B4,C5,B6,B7,B8,A9,B10
Lot75,20,0,8,3,7,0,2,A,B2,A3,B4,C5,B6,A7,B8,B9,B10
Lot76,42,13,17,3,0,8,1,A,A2,A3,B4,C5,B6,A7,B8,B9,B10
Lot77,34,9,5,0,0,18,2,A,A2,B3,B4,C5,B6,A7,B8,A9,B10
Lot78,24,0,9,2,6,1,6,B,B2,A3,B4,C5,B6,A7,B8,B9,B10
Lot79,29,4,9,1,0,10,5,A,A2,B3,B4,C5,B6,A7,B8,A9,B10
Lot80,46,12,7,16,0,1,10,B,A2,A3,B4,C5,B6,A7,B8,A9,B10
Lot81,23,0,9,0,9,1,4,B,A2,A3,B4,C5,B6,C7,B8,A9,B10
Lot82,58,0,12,8,21,8,9,A,B2,A3,B4,C5,B6,A7,B8,A9,B10
Lot83,40,5,20,1,2,8,4,A,A2,A3,B4,C5,B6,A7,B8,A9,B10
Lot84,29,1,5,0,0,19,4,A,A2,B3,B4,C5,B6,A7,B8,A9,B10
Lot85,14,0,6,1,5,1,1,A,A2,A3,B4,C5,B6,A7,B8,B9,B10
Lot86,25,6,15,0,0,2,2,A,A2,B3,B4,C5,B6,B7,B8,A9,B10
Lot87,30,5,10,1,0,11,3,A,A2,B3,B4,C5,C6,A7,B8,A9,B10
Lot88,31,0,16,3,8,2,2,C,B2,A3,B4,C5,B6,A7,B8,B9,B10
Lot89,23,5,7,4,0,5,2,A,A2,B3,B4,C5,B6,B7,B8,A9,B10
Lot90,29,0,15,3,8,0,3,B,A2,A3,B4,C5,C6,A7,B8,B9,B10
Lot91,20,0,4,0,10,1,5,B,B2,A3,B4,C5,B6,C7,B8,A9,B10
Lot92,28,9,4,5,0,2,8,B,A2,A3,B4,C5,B6,A7,B8,A9,B10
Lot93,57,8,10,1,0,37,1,A,A2,B3,B4,C5,B6,B7,B8,A9,B10
Lot94,27,8,9,0,0,8,2,A,A2,A3,B4,C5,B6,B7,B8,A9,B10
Lot95,54,0,18,13,8,12,3,C,B2,A3,B4,C5,B6,A7,B8,B9,B10
Lot96,28,7,11,0,0,7,3,A,A2,B3,B4,C5,B6,B7,B8,A9,B10
Lot97,76,5,9,5,36,12,9,A,A2,B3,B4,C5,B6,A7,B8,A9,B10
Lot98,29,3,14,0,0,8,4,A,A2,A3,B4,C5,B6,C7,B8,A9,B10
Lot99,32,7,4,1,0,17,3,A,A2,B3,B4,C5,B6,B7,B8,A9,B10
Lot100,54,19,7,1,1,26,0,A,A2,B3,B4,C5,B6,A7,B8,A9,B10
Lot101,40,9,16,0,0,10,5,A,A2,A3,B4,C5,B6,B7,B8,A9,B10
Lot102,37,9,5,0,0,17,6,A,A2,B3,B4,C5,B6,B7,B8,A9,B10
Lot103,27,5,10,0,1,7,4,A,B2,A3,B4,C5,B6,B7,B8,A9,B10
Lot104,104,1,21,4,27,41,10,A,A2,B3,B4,C5,B6,A7,B8,A9,B10
Lot105,51,11,7,1,0,26,6,A,A2,B3,B4,C5,B6,A7,B8,A9,B10
Lot106,46,14,4,2,0,25,1,A,A2,B3,B4,C5,B6,B7,B8,A9,B10
Lot107,45,16,5,9,0,14,1,B,B2,B3,B4,C5,B6,A7,B8,A9,B10
Lot108,47,12,13,3,0,13,6,A,A2,B3,B4,C5,B6,A7,B8,A9,B10
Lot109,48,4,4,6,0,27,7,A,A2,B3,B4,C5,B6,A7,B8,A9,B10
Lot110,26,0,10,0,12,2,2,A,A2,A3,B4,C5,B6,B7,B8,A9,B10
Lot111,21,2,10,1,0,4,4,A,A2,B3,B4,C5,B6,B7,B8,A9,B10
Lot112,35,11,2,1,0,20,1,B,B2,B3,B4,C5,B6,B7,B8,A9,B10
Lot113,17,6,5,0,0,2,4,A,A2,B3,B4,C5,B6,B7,B8,A9,A10
Lot114,34,0,7,1,17,4,5,A,A2,A3,B4,C5,B6,B7,B8,A9,B10
Lot115,10,1,2,1,0,4,2,A,A2,B3,B4,C5,B6,B7,B8,A9,B10
Lot116,29,7,9,0,0,6,7,A,A2,B3,B4,C5,B6,B7,B8,A9,B10
Lot117,33,11,4,0,0,17,1,A,B2,B3,B4,C5,B6,B7,B8,A9,A10
Lot118,51,0,10,7,29,4,1,A,A2,B3,B4,C5,B6,A7,B8,A9,B10
Lot119,13,0,8,0,0,1,4,B,B2,A3,B4,C5,B6,A7,B8,A9,B10
Lot120,41,12,4,2,0,9,14,A,A2,B3,B4,C5,B6,A7,B8,A9,B10
Lot121,14,3,3,1,0,1,6,A,A2,B3,B4,C5,B6,B7,B8,A9,B10
Lot122,35,6,13,1,0,10,5,A,A2,B3,B4,C5,C6,A7,B8,A9,B10
Lot123,43,24,3,1,0,15,0,A,A2,B3,B4,A5,A6,C7,B8,B9,B10
Lot124,45,9,6,4,0,23,3,A,A2,B3,B4,C5,B6,B7,B8,B9,A10
Lot125,36,14,4,2,0,16,0,A,A2,C3,B4,A5,A6,C7,B8,B9,B10
Lot126,24,2,10,3,1,3,5,A,A2,B3,B4,C5,B6,B7,B8,A9,B10
Lot127,20,1,9,3,3,1,3,A,A2,B3,B4,C5,B6,B7,B8,A9,B10
Lot128,25,11,7,1,0,5,1,A,A2,B3,B4,A5,A6,C7,A8,B9,B10
Lot129,19,3,9,5,0,2,0,A,A2,B3,B4,C5,B6,B7,B8,A9,B10
Lot130,29,2,10,3,5,7,2,A,A2,B3,B4,C5,B6,B7,B8,A9,B10
Lot131,82,16,25,4,0,29,8,B,B2,B3,B4,C5,B6,A7,B8,A9,A10
Lot132,62,9,24,4,0,21,4,A,A2,B3,B4,C5,B6,B7,B8,B9,A10
Lot133,37,14,12,0,0,11,0,A,A2,B3,B4,C5,B6,B7,B8,A9,A10
Lot134,64,13,12,6,0,31,2,A,A2,B3,B4,C5,B6,A7,B8,A9,A10
Lot135,54,5,5,4,0,35,5,B,A2,B3,B4,C5,B6,A7,B8,A9,A10
Lot136,89,10,27,3,0,44,5,B,B2,B3,B4,C5,B6,A7,B8,A9,A10
Lot137,94,8,25,4,0,54,3,A,A2,B3,B4,C5,B6,A7,B8,A9,A10
Lot138,75,5,15,3,0,50,2,A,A2,B3,B4,C5,B6,B7,B8,A9,A10
Lot139,26,0,13,3,4,1,5,A,A2,A3,B4,C5,C6,C7,B8,B9,B10
Lot140,34,21,3,0,0,9,1,A,A2,B3,B4,C5,B6,B7,B8,A9,A10
Lot141,23,7,3,4,0,7,2,A,A2,B3,B4,A5,A6,C7,B8,B9,B10
Lot142,61,32,5,2,0,22,0,A,A2,B3,B4,A5,A6,A7,B8,B9,B10
Lot143,39,10,9,9,3,7,1,A,A2,B3,B4,A5,A6,C7,B8,A9,B10
Lot144,27,9,6,1,0,5,6,B,A2,D3,B4,C5,A6,C7,B8,A9,B10
Lot145,34,14,9,6,0,4,1,B,A2,E3,B4,A5,A6,C7,B8,A9,B10
Lot146,40,11,12,4,0,11,2,B,A2,E3,B4,A5,A6,A7,B8,A9,B10
Lot147,64,14,15,14,1,18,2,A,B2,B3,B4,C5,B6,B7,B8,A9,B10
Lot148,28,11,6,2,0,7,2,A,A2,B3,B4,A5,A6,C7,B8,A9,B10
Lot149,47,10,9,5,0,21,2,A,B2,B3,B4,A5,A6,A7,B8,A9,B10
Lot150,31,15,4,1,0,11,0,A,B2,B3,B4,A5,A6,A7,B8,B9,B10
Lot151,41,0,20,4,7,5,5,A,A2,A3,B4,C5,C6,C7,B8,B9,B10
Lot152,24,9,6,3,0,5,1,B,A2,D3,B4,C5,A6,C7,B8,A9,B10
Lot153,86,18,21,12,0,29,6,A,B2,B3,B4,C5,B6,B7,B8,A9,B10
Lot154,39,16,6,5,0,10,2,B,A2,B3,B4,A5,A6,C7,B8,A9,B10
Lot155,85,0,23,3,27,18,14,B,B2,A3,B4,C5,C6,C7,B8,A9,B10
Lot156,34,0,7,3,15,3,6,A,A2,A3,B4,C5,C6,C7,B8,A9,B10
Lot157,18,7,3,4,0,4,0,A,A2,D3,B4,C5,A6,A7,B8,A9,B10
Lot158,39,2,17,11,1,5,3,B,B2,A3,B4,C5,B6,A7,B8,A9,B10
Lot159,36,0,13,3,14,0,6,A,A2,A3,B4,C5,B6,B7,B8,B9,B10
Lot160,25,17,0,0,0,8,0,A,A2,B3,B4,A5,B6,A7,B8,B9,B10
Lot161,53,8,7,17,0,18,3,B,B2,B3,B4,C5,B6,A7,B8,A9,B10
Lot162,33,13,12,4,0,3,1,A,A2,E3,B4,A5,A6,C7,B8,A9,B10
Lot163,21,0,7,0,7,3,4,A,A2,A3,B4,C5,C6,C7,B8,A9,B10
Lot164,36,12,8,7,0,7,2,A,A2,E3,B4,A5,A6,C7,B8,A9,B10
Lot165,23,0,8,1,5,4,5,A,A2,A3,B4,C5,C6,C7,B8,A9,B10
Lot166,18,0,2,0,11,4,1,A,A2,A3,B4,C5,C6,C7,B8,A9,B10
Lot167,44,10,10,10,0,11,3,B,A2,E3,B4,A5,A6,A7,B8,A9,B10
Lot168,28,17,2,0,0,9,0,A,A2,B3,B4,A5,B6,A7,B8,B9,B10
Lot169,28,9,7,6,0,6,0,A,A2,D3,B4,C5,A6,C7,B8,A9,B10
Lot170,19,4,6,2,3,0,4,B,B2,A3,B4,C5,B6,B7,B8,A9,B10
Lot171,15,0,8,1,1,0,5,A,A2,A3,B4,C5,C6,C7,B8,B9,B10
Lot172,43,6,13,17,0,4,3,B,B2,A3,B4,C5,B6,B7,B8,A9,B10
Lot173,53,18,20,4,0,11,0,A,B2,B3,B4,C5,B6,B7,B8,B9,B10
Lot174,22,14,2,0,0,6,0,A,A2,B3,B4,A5,B6,A7,B8,B9,B10
Lot175,47,12,7,7,0,16,5,B,B2,B3,B4,C5,B6,A7,B8,A9,A10
Lot176,17,1,13,2,0,0,1,A,A2,A3,B4,C5,B6,B7,B8,A9,B10
Lot177,13,0,7,1,1,0,4,B,B2,A3,B4,C5,B6,B7,B8,A9,B10
Lot178,43,0,10,0,18,7,8,B,B2,A3,B4,C5,C6,C7,B8,A9,B10
Lot179,50,10,18,3,0,14,5,A,A2,C3,B4,C5,B6,A7,B8,A9,A10
Lot180,34,16,9,1,0,7,1,A,A2,B3,B4,A5,B6,A7,B8,A9,B10
Lot181,33,16,10,5,0,2,0,A,A2,A3,B4,C5,B6,C7,B8,A9,B10
Lot182,27,0,5,0,8,9,5,A,A2,A3,B4,C5,C6,C7,B8,A9,B10
Lot183,28,9,11,0,0,1,7,A,A2,A3,B4,C5,B6,A7,B8,A9,B10
Lot184,40,6,6,4,0,21,3,A,A2,B3,B4,C5,B6,B7,B8,A9,A10
Lot185,37,4,11,6,3,3,10,A,A2,A3,B4,C5,B6,A7,B8,A9,B10
Lot186,31,15,11,0,0,0,5,B,B2,B3,B4,C5,B6,C7,B8,A9,B10
Lot187,35,6,8,4,0,15,2,A,B2,B3,B4,C5,B6,C7,B8,B9,B10
Lot188,33,0,13,0,5,9,6,A,A2,A3,B4,C5,C6,C7,B8,A9,B10
Lot189,31,13,7,1,0,8,2,A,A2,B3,B4,A5,B6,A7,B8,B9,B10
Lot190,37,24,7,1,0,4,1,A,A2,B3,B4,A5,B6,A7,B8,A9,B10
Lot191,33,17,6,1,0,9,0,A,B2,B3,B4,C5,B6,B7,B8,B9,B10
Lot192,18,3,9,2,1,0,3,B,B2,A3,B4,C5,B6,B7,B8,A9,B10
Lot193,15,1,8,2,1,0,3,B,B2,A3,B4,C5,B6,B7,B8,A9,B10
Lot194,47,7,12,13,4,4,7,A,A2,A3,B4,C5,B6,C7,B8,A9,B10
Lot195,31,12,12,0,0,1,6,B,B2,B3,B4,C5,B6,C7,B8,A9,B10
Lot196,26,0,10,1,9,2,4,B,B2,A3,B4,C5,B6,A7,B8,B9,B10
Lot197,30,12,3,1,0,14,0,A,A2,B3,B4,C5,B6,B7,B8,A9,A10
Lot198,22,0,9,2,3,1,7,B,B2,A3,B4,C5,B6,A7,B8,A9,B10
Lot199,43,6,9,7,7,4,10,B,B2,A3,B4,C5,B6,C7,B8,A9,B10
Lot200,20,7,3,6,0,2,2,B,B2,D3,D4,C5,B6,C7,B8,A9,B10
Lot201,13,0,5,4,1,1,2,A,A2,E3,B4,A5,B6,A7,B8,A9,A10
Lot202,37,10,11,11,0,4,1,B,B2,A3,B4,C5,B6,A7,B8,A9,A10
Lot203,38,24,4,3,0,4,3,B,B2,A3,B4,C5,B6,A7,B8,A9,B10
Lot204,36,20,9,4,0,1,2,A,A2,A3,B4,C5,B6,A7,B8,A9,B10
Lot205,44,19,3,8,0,6,8,B,B2,A3,B4,C5,B6,B7,B8,A9,B10
Lot206,40,13,9,8,0,4,6,A,A2,A3,B4,C5,B6,C7,B8,A9,B10
Lot207,35,14,4,10,0,3,4,A,A2,A3,B4,C5,B6,C7,B8,A9,B10
Lot208,36,5,5,3,9,5,9,A,B2,A3,D4,C5,B6,C7,B8,A9,B10
Lot209,57,6,12,7,0,29,3,B,B2,B3,B4,C5,B6,A7,B8,A9,A10
Lot210,45,12,8,16,0,5,4,A,B2,A3,D4,C5,B6,A7,B8,B9,A10
Lot211,27,13,1,3,0,10,0,A,A2,B3,B4,C5,B6,B7,B8,A9,A10
Lot212,32,24,4,1,0,3,0,B,B2,A3,B4,C5,B6,B7,B8,A9,A10
Lot213,18,0,11,2,0,2,3,B,B2,A3,B4,C5,B6,B7,B8,A9,B10
Lot214,28,13,4,7,0,2,2,B,B2,D3,D4,C5,B6,A7,B8,B9,A10
Lot215,48,32,12,3,0,1,0,B,B2,A3,B4,C5,B6,B7,B8,A9,A10
Lot216,17,5,7,0,0,1,4,B,B2,A3,B4,C5,B6,B7,B8,A9,B10
Lot217,34,18,5,5,0,6,0,A,A2,A3,B4,C5,B6,B7,B8,A9,A10
Lot218,20,16,3,0,0,1,0,B,B2,A3,B4,C5,B6,B7,B8,A9,B10
Lot219,47,9,5,7,11,9,6,B,B2,D3,D4,C5,B6,A7,B8,A9,B10
Lot220,51,10,16,12,0,12,1,A,A2,B3,B4,C5,B6,A7,B8,A9,B10
Lot221,48,32,3,3,0,10,0,B,B2,A3,B4,C5,B6,A7,B8,A9,B10
Lot222,16,3,6,3,0,1,3,A,B2,A3,D4,C5,B6,A7,B8,B9,A10
Lot223,18,0,2,10,5,1,0,A,B2,A3,B4,C5,B6,B7,B8,B9,A10
Lot224,12,6,3,0,0,3,0,A,A2,B3,B4,C5,B6,B7,B8,A9,A10
Lot225,60,16,15,17,1,7,4,A,A2,A3,B4,C5,B6,A7,B8,A9,B10
Lot226,21,2,7,6,0,3,3,B,B2,D3,D4,C5,B6,A7,B8,B9,A10
Lot227,25,0,5,15,3,0,2,A,A2,A3,B4,C5,B6,B7,B8,B9,A10
Lot228,16,0,11,0,3,0,2,A,B2,A3,B4,C5,B6,A7,B8,A9,B10
Lot229,51,7,14,12,0,13,5,A,A2,C3,B4,C5,B6,A7,B8,A9,B10
Lot230,19,0,12,0,5,0,2,A,A2,A3,B4,C5,B6,A7,B8,A9,B10
Lot231,33,0,9,18,5,0,1,A,A2,A3,B4,C5,B6,B7,B8,B9,A10
Lot232,19,0,11,0,7,0,1,B,B2,A3,B4,C5,B6,B7,B8,B9,B10
Lot233,12,0,5,0,3,2,2,A,A2,A3,B4,C5,A6,A7,B8,A9,B10
Lot234,26,0,16,0,3,1,6,B,B2,A3,B4,C5,B6,B7,B8,B9,B10
Lot235,11,0,6,2,2,0,1,A,A2,A3,B4,C5,B6,A7,B8,B9,B10
Lot236,24,0,10,3,5,2,4,B,B2,A3,B4,C5,B6,B7,B8,B9,B10
Lot237,30,0,7,18,5,0,0,A,A2,A3,B4,C5,B6,B7,B8,A9,B10
Lot238,50,7,19,12,4,3,5,B,B2,A3,B4,C5,B6,A7,B8,A9,B10
Lot239,21,0,12,0,3,1,5,B,B2,A3,B4,C5,B6,A7,B8,A9,B10
Lot240,20,0,11,3,2,1,3,B,B2,A3,B4,C5,B6,A7,B8,A9,B10
Lot241,32,0,23,4,3,0,2,B,B2,A3,B4,C5,B6,A7,B8,A9,B10
Lot242,38,8,10,9,6,1,4,B,B2,A3,B4,C5,B6,A7,B8,A9,B10
Lot243,28,6,9,8,0,1,4,B,A2,A3,B4,C5,B6,A7,B8,A9,B10
Lot244,21,7,8,4,0,1,1,A,B2,E3,B4,C5,B6,A7,B8,A9,B10
Lot245,45,10,13,11,6,4,1,B,B2,A3,B4,C5,B6,A7,B8,A9,B10
Lot246,58,13,16,8,6,7,8,B,A2,A3,B4,C5,B6,A7,B8,A9,B10
Lot247,18,0,2,11,2,0,3,B,B2,A3,B4,C5,B6,B7,B8,A9,B10
Lot248,51,7,13,15,3,6,7,A,A2,A3,B4,C5,B6,A7,B8,A9,B10
Lot249,44,5,15,15,1,1,7,B,B2,A3,B4,C5,B6,A7,B8,A9,B10
Lot250,18,0,7,0,9,0,2,B,A2,D3,B4,C5,A6,A7,B8,A9,B10
Lot251,20,7,8,1,0,3,1,A,A2,E3,B4,C5,B6,B7,B8,A9,B10
Lot252,62,0,20,1,23,6,12,A,B2,A3,B4,C5,C6,A7,B8,A9,B10
Lot253,29,14,11,0,0,0,4,A,B2,E3,B4,C5,B6,A7,B8,A9,B10
Lot254,24,13,9,0,0,0,2,A,B2,A3,B4,C5,C6,A7,B8,A9,B10
Lot255,20,7,7,3,0,2,1,A,B2,E3,B4,C5,B6,A7,B8,A9,B10
Lot256,9,3,6,0,0,0,0,A,B2,A3,B4,C5,B6,B7,B8,A9,B10
Lot257,58,14,6,18,0,11,9,B,B2,B3,B4,C5,B6,A7,B8,A9,B10
Lot258,39,10,7,11,0,8,3,B,B2,B3,B4,C5,B6,A7,B8,A9,B10
Lot259,23,2,11,1,0,2,7,A,B2,E3,B4,C5,B6,B7,B8,A9,B10
Lot260,37,13,16,6,0,0,2,B,B2,E3,B4,C5,B6,D7,B8,A9,B10
Lot261,37,0,24,5,2,1,5,B,B2,A3,B4,C5,B6,B7,B8,B9,B10
Lot262,33,9,17,3,0,3,1,A,B2,A3,B4,C5,B6,B7,B8,A9,B10
Lot263,19,0,5,10,2,0,2,B,B2,A3,B4,C5,B6,B7,B8,B9,A10
Lot264,45,0,25,4,7,2,7,A,B2,A3,B4,C5,B6,B7,B8,B9,B10
Lot265,34,4,21,4,0,5,0,A,B2,E3,B4,C5,B6,B7,B8,A9,B10
Lot266,41,13,6,12,0,5,5,A,A2,B3,B4,C5,C6,B7,B8,A9,B10
Lot267,49,6,8,21,0,7,7,A,A2,B3,B4,C5,C6,B7,B8,A9,B10
Lot268,29,7,9,7,0,3,3,A,B2,E3,B4,C5,B6,B7,B8,A9,B10
Lot269,30,9,2,8,0,5,6,A,A2,B3,B4,C5,B6,A7,B8,A9,B10
Lot270,38,12,3,11,0,8,4,A,A2,B3,B4,C5,B6,A7,B8,A9,B10
Lot271,41,19,10,8,0,1,3,A,B2,A3,B4,C5,B6,A7,B8,A9,B10
Lot272,32,12,12,1,0,0,7,A,B2,A3,B4,C5,C6,A7,B8,A9,B10
Lot273,24,5,12,6,0,0,1,A,B2,A3,B4,C5,B6,A7,B8,A9,B10
Lot274,53,10,6,18,0,10,9,B,A2,B3,B4,C5,B6,A7,B8,A9,B10
Lot275,30,15,15,0,0,0,0,A,B2,E3,B4,B5,B6,D7,B8,A9,B10
Lot276,57,23,7,16,0,5,6,A,B2,A3,B4,C5,C6,A7,B8,A9,B10
Lot277,16,1,8,3,0,3,1,A,B2,E3,B4,C5,B6,B7,B8,A9,B10
Lot278,42,21,15,3,0,0,3,A,B2,A3,B4,C5,C6,A7,B8,A9,B10
Lot279,44,17,3,11,0,11,2,A,A2,B3,B4,C5,C6,B7,B8,A9,B10
Lot280,32,4,8,17,0,1,2,A,A2,A3,B4,C5,C6,B7,B8,A9,B10
Lot281,41,20,4,12,0,1,4,A,A2,A3,B4,C5,C6,A7,B8,A9,B10
Lot282,24,5,11,3,0,4,1,A,B2,E3,B4,C5,B6,B7,B8,A9,B10
Lot283,33,14,13,0,0,1,5,B,B2,A3,B4,C5,B6,A7,B8,A9,B10
Lot284,29,6,15,4,0,3,1,A,B2,E3,B4,C5,B6,B7,B8,A9,B10
Lot285,49,28,21,0,0,0,0,B,A2,E3,B4,C5,B6,D7,B8,A9,B10
Lot286,29,3,14,3,0,7,2,A,A2,E3,B4,C5,B6,B7,B8,A9,B10
Lot287,34,17,11,0,0,0,6,A,B2,A3,B4,C5,B6,A7,B8,A9,B10
Lot288,27,18,7,0,0,0,2,A,B2,E3,B4,C5,B6,D7,B8,A9,B10
Lot289,24,8,14,0,0,1,1,A,B2,A3,B4,C5,C6,A7,B8,A9,B10
Lot290,59,18,10,12,0,9,10,A,A2,B3,B4,C5,B6,B7,B8,A9,B10
Lot291,40,10,2,14,0,12,2,A,A2,B3,B4,C5,C6,A7,B8,A9,B10
Lot292,15,10,5,0,0,0,0,B,B2,E3,B4,C5,B6,D7,B8,A9,B10
Lot293,41,16,19,0,0,1,5,A,B2,A3,B4,C5,B6,A7,B8,A9,B10
Lot294,29,5,11,3,0,9,1,A,A2,E3,B4,C5,B6,B7,B8,A9,B10
Lot295,40,11,7,9,0,10,3,B,A2,B3,B4,C5,C6,A7,B8,A9,B10
Lot296,29,10,9,3,0,0,7,B,B2,A3,B4,C5,B6,D7,B8,A9,B10
Lot297,20,16,2,0,0,0,2,B,B2,E3,B4,C5,B6,D7,B8,A9,B10
Lot298,18,0,11,4,0,1,2,A,A2,D3,B4,B5,B6,D7,B8,A9,B10
Lot299,21,9,7,2,0,0,3,A,A2,E3,B4,B5,B6,B7,B8,A9,B10
Lot300,46,0,21,5,11,4,5,A,A2,E3,B4,B5,B6,B7,B8,A9,B10
Lot301,29,14,0,15,0,0,0,A,A2,E3,B4,B5,C6,B7,B8,B9,B10
Lot302,26,0,16,5,3,1,1,B,B2,A3,B4,B5,B6,D7,B8,A9,B10
Lot303,25,0,16,8,0,0,1,B,B2,A3,B4,B5,B6,D7,B8,A9,B10
Lot304,22,4,11,5,0,1,1,A,A2,A3,B4,B5,B6,D7,B8,A9,B10
Lot305,11,0,5,2,2,0,2,A,A2,D3,B4,B5,B6,D7,B8,A9,B10
Lot306,29,11,14,2,0,0,2,A,A2,A3,B4,B5,B6,D7,B8,A9,B10
Lot307,32,6,14,7,2,3,0,A,A2,E3,B4,A5,C6,D7,B8,B9,B10
Lot308,37,0,4,24,6,2,1,A,A2,E3,B4,A5,C6,B7,B8,B9,B10
Lot309,38,18,8,3,4,1,4,B,B2,E3,B4,B5,B6,D7,B8,B9,B10
Lot310,12,4,4,0,0,1,3,B,B2,E3,B4,C5,B6,B7,B8,A9,A10
Lot311,41,22,6,5,0,5,3,A,A2,E3,B4,C5,B6,D7,B8,A9,B10
Lot312,27,15,7,0,0,0,5,A,A2,E3,B4,C5,B6,D7,B8,A9,B10
Lot313,57,14,10,17,1,6,9,A,A2,E3,C4,C5,C6,C7,B8,A9,B10
Lot314,32,27,2,0,0,1,2,B,B2,A3,B4,B5,C6,C7,B8,A9,B10
Lot315,42,11,13,12,0,3,3,A,A2,E3,C4,C5,C6,C7,B8,A9,B10
Lot316,25,19,2,0,0,0,4,A,A2,E3,B4,C5,B6,D7,B8,A9,B10
Lot317,39,15,12,4,0,1,7,B,B2,A3,B4,C5,B6,B7,B8,A9,A10
Lot318,41,11,8,17,0,3,2,A,A2,A3,B4,B5,B6,D7,B8,A9,B10
Lot319,56,19,15,14,0,4,4,A,A2,A3,B4,B5,B6,D7,B8,A9,B10
Lot320,30,0,14,9,2,0,5,B,B2,E3,B4,B5,C6,D7,B8,B9,B10
Lot321,24,5,4,8,1,3,3,B,A2,E3,B4,A5,B6,A7,B8,B9,A10
Lot322,49,11,15,16,0,3,4,A,A2,A3,B4,B5,C6,D7,B8,A9,B10
Lot323,21,0,14,4,2,1,0,A,A2,D3,B4,B5,B6,D7,B8,A9,B10
Lot324,40,19,16,3,1,1,0,A,A2,E3,B4,A5,C6,D7,B8,B9,B10
Lot325,19,0,13,3,3,0,0,A,A2,D3,B4,B5,B6,D7,B8,A9,B10
Lot326,47,7,16,12,0,2,10,A,A2,A3,B4,B5,B6,D7,B8,A9,B10
Lot327,42,9,6,17,0,4,6,A,A2,A3,B4,B5,B6,D7,B8,A9,B10
Lot328,19,14,4,0,0,0,1,C,B2,E3,B4,B5,B6,D7,B8,A9,B10
Lot329,9,0,7,0,1,0,1,B,B2,A3,B4,B5,B6,D7,B8,B9,B10
Lot330,14,0,7,2,4,0,1,A,A2,A3,B4,B5,C6,D7,B8,B9,B10
Lot331,29,0,14,8,4,0,3,B,B2,E3,B4,B5,B6,D7,B8,B9,B10
Lot332,32,4,15,9,1,0,3,A,A2,E3,B4,B5,C6,B7,B8,B9,B10
Lot333,49,8,13,18,4,1,5,A,A2,E3,B4,B5,C6,B7,B8,B9,B10
Lot334,18,0,8,8,1,0,1,A,A2,E3,B4,B5,B6,B7,B8,A9,B10
Lot335,37,28,6,2,0,0,1,A,A2,E3,B4,B5,B6,D7,B8,B9,B10
Lot336,35,18,2,11,0,0,4,B,B2,E3,C4,B5,B6,D7,B8,B9,B10
Lot337,49,11,10,13,1,5,9,A,A2,E3,C4,C5,C6,C7,B8,A9,B10
Lot338,27,0,10,7,3,4,3,A,A2,A3,B4,A5,B6,A7,B8,A9,B10
Lot339,16,11,2,3,0,0,0,B,A2,E3,B4,C5,B6,A7,B8,B9,A10
Lot340,34,29,2,2,1,0,0,A,A2,E3,B4,B5,B6,D7,B8,B9,B10
Lot341,45,10,16,16,3,0,0,B,A2,E3,B4,C5,B6,B7,B8,A9,B10
Lot342,33,9,11,10,3,0,0,B,B2,E3,B4,C5,B6,B7,B8,A9,B10
Lot343,35,10,12,5,2,5,1,A,A2,E3,B4,B5,B6,B7,B8,B9,B10
Lot344,28,22,0,6,0,0,0,A,A2,E3,B4,A5,B6,B7,B8,B9,A10
Lot345,24,20,1,0,0,0,3,A,A2,E3,B4,A5,B6,B7,B8,B9,A10
Lot346,56,15,15,16,4,1,5,B,B2,E3,C4,C5,B6,B7,B8,A9,B10
Lot347,20,14,2,3,0,0,1,A,A2,E3,B4,C5,B6,A7,B8,B9,A10
Lot348,34,26,2,6,0,0,0,A,A2,E3,B4,B5,B6,D7,B8,B9,B10
Lot349,41,16,12,0,0,9,4,A,A2,A3,B4,C5,B6,C7,B8,A9,B10
Lot350,58,0,18,31,8,0,1,A,A2,A3,B4,C5,B6,A7,B8,B9,A10
Lot351,52,0,30,7,0,2,13,A,A2,E3,B4,B5,B6,D7,B8,B9,B10
Lot352,35,12,18,0,0,0,5,A,A2,E3,B4,C5,B6,D7,B8,B9,B10
Lot353,21,19,1,0,0,0,1,A,A2,E3,B4,C5,B6,D7,B8,A9,B10
Lot354,37,18,10,0,0,6,3,A,B2,E3,D4,C5,B6,C7,B8,A9,B10
Lot355,29,14,10,0,0,3,2,A,A2,A3,B4,C5,B6,A7,B8,B9,B10
Lot356,47,26,16,3,0,0,2,A,A2,A3,B4,C5,A6,B7,B8,B9,B10
Lot357,28,13,11,0,0,0,4,A,A2,A3,B4,C5,B6,B7,B8,A9,B10
Lot358,49,34,12,0,1,1,1,B,B2,A3,B4,B5,C6,C7,B8,A9,B10
Lot359,35,15,13,0,0,0,7,A,A2,E3,B4,B5,B6,D7,B8,B9,B10
Lot360,24,8,12,0,0,0,4,A,B2,A3,B4,C5,C6,C7,B8,A9,B10
Lot361,37,0,12,15,3,3,4,A,A2,E3,B4,B5,B6,D7,B8,A9,B10
Lot362,44,6,6,23,6,0,3,A,B2,E3,B4,C5,A6,B7,B8,A9,A10
Lot363,48,8,16,12,0,10,2,B,B2,E3,B4,C5,B6,D7,B8,A9,A10
Lot364,59,17,18,22,0,0,2,A,A2,E3,B4,C5,B6,B7,B8,B9,A10
Lot365,28,20,4,0,0,2,2,A,A2,A3,A4,C5,B6,A7,B8,A9,B10
Lot366,24,0,12,7,1,2,2,A,A2,E3,B4,A5,B6,A7,B8,A9,B10
Lot367,53,13,19,16,0,0,5,A,A2,D3,B4,C5,A6,A7,B8,B9,A10
Lot368,30,8,4,12,2,2,2,A,A2,E3,B4,C5,B6,B7,B8,B9,A10
Lot369,37,18,13,0,0,4,2,A,A2,A3,B4,C5,B6,A7,B8,A9,B10
Lot370,34,0,11,9,7,2,5,B,A2,A3,B4,A5,B6,B7,B8,A9,A10
Lot371,30,16,7,1,0,6,0,A,A2,A3,B4,C5,A6,B7,B8,B9,B10
Lot372,24,21,3,0,0,0,0,A,A2,A3,B4,C5,B6,B7,B8,A9,B10
Lot373,38,0,16,5,9,3,5,B,A2,E3,B4,A5,B6,A7,B8,A9,B10
Lot374,40,10,6,23,0,0,1,C,B2,A3,B4,C5,A6,A7,B8,B9,A10
Lot375,20,0,9,6,1,1,3,A,A2,E3,B4,A5,B6,B7,B8,A9,A10
Lot376,34,13,15,1,0,1,4,A,B2,A3,B4,C5,C6,B7,B8,A9,B10
Lot377,30,10,16,0,0,0,4,A,B2,E3,D4,C5,B6,B7,B8,A9,B10
Lot378,21,8,2,1,0,8,2,A,A2,D3,B4,C5,B6,B7,B8,A9,B10
Lot379,26,10,5,6,0,4,1,B,B2,E3,B4,C5,B6,D7,B8,A9,A10
Lot380,63,0,27,29,4,0,3,A,A2,E3,B4,C5,A6,B7,B8,A9,A10
Lot381,30,20,3,3,0,3,1,A,A2,A3,A4,C5,B6,A7,B8,A9,B10
Lot382,18,15,1,2,0,0,0,A,A2,E3,B4,C5,B6,A7,B8,B9,A10
Lot383,48,24,2,18,0,0,4,A,A2,A3,B4,C5,B6,B7,B8,A9,A10
Lot384,30,23,0,5,0,0,2,A,B2,E3,B4,A5,B6,B7,B8,B9,A10
Lot385,32,11,14,0,0,1,6,A,A2,A3,B4,C5,B6,A7,B8,B9,B10
Lot386,48,13,11,5,0,12,7,A,A2,A3,B4,C5,B6,A7,B8,A9,A10
Lot387,23,15,1,1,0,5,1,A,B2,E3,D4,C5,B6,B7,B8,A9,B10
Lot388,21,12,2,6,0,0,1,A,A2,E3,B4,C5,B6,A7,B8,B9,A10
Lot389,60,0,29,17,12,0,2,A,B2,E3,B4,C5,B6,D7,B8,A9,A10
Lot390,24,11,9,0,0,1,3,A,A2,A3,A4,C5,B6,A7,B8,A9,B10
Lot391,19,10,5,0,0,4,0,B,B2,D3,B4,C5,B6,A7,B8,A9,B10
Lot392,24,15,1,3,0,3,2,C,B2,D3,B4,C5,B6,A7,B8,A9,B10
Lot393,36,25,2,1,0,4,4,A,B2,E3,D4,C5,B6,B7,B8,A9,B10
Lot394,40,0,15,9,7,2,7,C,A2,E3,B4,C5,B6,B7,B8,A9,B10
Lot395,37,12,9,14,0,0,2,A,A2,E3,B4,C5,A6,B7,B8,B9,A10
Lot396,18,7,1,1,0,7,2,B,B2,D3,B4,C5,B6,A7,B8,A9,B10
Lot397,27,14,2,0,0,10,1,B,B2,D3,B4,C5,B6,A7,B8,A9,B10
Lot398,43,14,17,0,0,1,11,A,B2,E3,D4,C5,B6,C7,B8,A9,B10
Lot399,27,5,7,12,0,0,3,B,B2,A3,B4,C5,A6,A7,B8,A9,A10
Lot400,35,5,11,11,0,7,1,B,B2,E3,B4,C5,B6,D7,B8,A9,A10
Lot401,39,20,9,0,0,10,0,B,B2,E3,D4,C5,B6,B7,B8,A9,A10
Lot402,28,7,14,0,0,1,6,A,B2,A3,B4,C5,B6,B7,B8,A9,B10
Lot403,27,17,3,2,0,4,1,A,B2,E3,D4,C5,B6,B7,B8,A9,B10
Lot404,30,27,1,2,0,0,0,B,B2,E3,D4,C5,B6,B7,B8,A9,B10
Lot405,26,18,6,0,0,0,2,C,B2,E3,B4,C5,B6,D7,B8,A9,A10
Lot406,36,12,13,3,0,7,1,A,B2,E3,B4,C5,A6,B7,B8,B9,B10
Lot407,52,2,9,24,11,0,6,A,B2,E3,B4,C5,A6,B7,B8,B9,A10
Lot408,36,22,4,10,0,0,0,A,A2,A3,B4,C5,B6,B7,B8,A9,A10
Lot409,60,16,10,29,0,0,5,B,B2,E3,B4,C5,A6,A7,B8,A9,A10
Lot410,31,4,6,10,0,10,1,B,B2,E3,B4,C5,B6,D7,B8,A9,A10
Lot411,40,6,11,20,0,0,3,A,B2,D3,B4,C5,B6,B7,B8,B9,A10
Lot412,55,8,14,12,1,17,3,B,B2,E3,B4,C5,B6,D7,B8,A9,A10
Lot413,25,9,9,1,0,3,3,A,A2,E3,B4,C5,A6,B7,B8,B9,B10
Lot414,28,5,9,3,4,4,3,C,B2,A3,B4,C5,B6,A7,B8,A9,B10
Lot415,46,12,10,21,0,0,3,A,A2,E3,B4,C5,B6,B7,B8,A9,A10
Lot416,53,18,15,19,0,0,1,A,A2,E3,B4,C5,A6,B7,B8,B9,A10
Lot417,57,4,15,22,8,0,8,B,B2,E3,B4,C5,A6,A7,B8,A9,A10
Lot418,39,14,12,9,2,0,2,A,B2,D3,B4,C5,A6,B7,B8,B9,A10
Lot419,29,0,7,4,8,7,3,C,A2,E3,B4,C5,B6,A7,B8,A9,B10
Lot420,32,20,0,11,0,0,1,B,B2,E3,B4,C5,B6,A7,B8,B9,A10
Lot421,26,4,9,13,0,0,0,A,A2,D3,B4,C5,B6,B7,B8,B9,A10
Lot422,42,6,25,9,0,0,2,A,B2,D3,B4,C5,B6,D7,B8,A9,A10
Lot423,32,12,12,3,0,2,3,B,A2,E3,B4,C5,B6,D7,B8,A9,B10
Lot424,37,9,8,10,0,9,1,B,B2,E3,B4,C5,B6,D7,B8,A9,A10
Lot425,44,20,12,7,0,1,4,B,B2,E3,B4,C5,B6,D7,B8,A9,B10
Lot426,16,4,5,1,0,0,6,A,A2,A3,B4,C5,B6,D7,B8,A9,B10
Lot427,42,5,9,13,0,12,3,C,B2,D3,B4,C5,B6,A7,B8,A9,B10
Lot428,13,3,1,0,0,8,1,B,B2,D3,B4,C5,B6,A7,B8,A9,B10
Lot429,49,32,1,1,0,11,4,B,B2,E3,B4,C5,A6,A7,B8,A9,B10
Lot430,15,5,1,1,0,7,1,B,A2,A3,B4,C5,A6,B7,B8,A9,B10
Lot431,52,23,10,8,0,8,3,A,A2,E3,B4,C5,B6,D7,B8,A9,B10
Lot432,44,4,7,21,9,0,3,B,B2,E3,B4,C5,A6,A7,B8,A9,A10
Lot433,24,0,12,4,2,4,2,C,A2,E3,B4,C5,B6,A7,B8,A9,B10
Lot434,26,17,1,0,0,0,8,A,A2,D3,B4,C5,B6,D7,B8,A9,A10
Lot435,44,0,13,22,6,0,3,B,B2,E3,B4,C5,A6,B7,B8,B9,A10
Lot436,33,0,14,4,4,6,5,B,B2,E3,B4,C5,C6,B7,B8,A9,B10
Lot437,28,19,3,1,0,5,0,C,A2,A3,B4,C5,B6,D7,B8,A9,B10
Lot438,34,10,13,6,0,4,1,B,B2,E3,B4,C5,B6,A7,B8,A9,B10
Lot439,27,0,9,0,5,4,9,A,A2,A3,B4,C5,B6,A7,B8,A9,B10
Lot440,44,2,15,18,7,0,2,B,A2,A3,B4,C5,B6,A7,B8,B9,A10
Lot441,32,5,11,4,0,10,2,B,B2,A3,B4,C5,B6,D7,B8,A9,A10
Lot442,32,0,9,4,4,7,8,B,B2,E3,B4,C5,B6,A7,B8,A9,B10
Lot443,35,13,17,2,0,1,2,B,B2,E3,B4,C5,B6,D7,B8,A9,B10
Lot444,20,14,2,1,0,0,3,B,B2,E3,B4,C5,B6,D7,B8,A9,A10
Lot445,47,13,19,10,0,2,3,B,B2,E3,B4,C5,B6,D7,B8,A9,B10
Lot446,25,1,22,0,0,1,1,A,A2,E3,B4,C5,B6,D7,B8,A9,B10
Lot447,22,0,9,1,4,3,5,A,A2,A3,B4,C5,B6,A7,B8,A9,B10
Lot448,8,3,0,0,0,4,1,B,B2,E3,B4,C5,B6,D7,B8,A9,B10
Lot449,15,0,10,1,0,3,1,B,B2,E3,B4,C5,B6,D7,B8,A9,B10
Lot450,20,2,16,0,0,1,1,A,A2,E3,B4,C5,B6,D7,B8,A9,B10
Lot451,27,16,10,0,0,1,0,A,B2,D3,B4,C5,B6,D7,B8,A9,B10
Lot452,16,9,3,1,0,3,0,A,A2,A3,B4,C5,B6,D7,B8,A9,B10
Lot453,47,8,13,23,0,0,3,A,A2,D3,B4,C5,B6,D7,B8,A9,A10
Lot454,32,0,11,1,8,5,7,C,A2,E3,B4,C5,B6,B7,B8,A9,B10
Lot455,26,15,6,1,0,4,0,A,A2,A3,B4,C5,B6,D7,B8,A9,B10
Lot456,16,3,3,6,0,0,4,A,A2,D3,B4,C5,C6,D7,B8,A9,B10
Lot457,28,7,13,6,0,1,1,B,B2,E3,B4,C5,B6,D7,B8,A9,B10
Lot458,37,19,12,2,0,4,0,A,A2,A3,B4,C5,B6,D7,B8,A9,B10
Lot459,39,9,19,6,0,4,1,B,B2,E3,B4,C5,B6,D7,B8,A9,B10
Lot460,24,6,12,6,0,0,0,B,B2,D3,B4,C5,B6,D7,B8,A9,A10
Lot461,16,2,11,0,0,1,2,A,A2,E3,B4,C5,B6,D7,B8,A9,B10
Lot462,27,0,7,9,1,6,4,C,A2,E3,B4,C5,B6,B7,B8,A9,B10
Lot463,37,6,16,14,0,0,1,A,A2,D3,B4,C5,B6,D7,B8,A9,A10
Lot464,11,5,2,0,0,1,3,B,B2,E3,B4,C5,B6,D7,B8,A9,B10
Lot465,37,0,18,6,5,4,4,A,A2,D3,B4,C5,B6,B7,B8,A9,B10
Lot466,10,4,2,4,0,0,0,A,A2,A3,B4,C5,B6,D7,B8,A9,A10
Lot467,22,5,11,0,0,1,5,A,A2,A3,B4,C5,B6,D7,B8,A9,B10
Lot468,17,9,5,1,0,1,1,A,A2,A3,B4,C5,B6,D7,B8,A9,A10
Lot469,36,7,15,10,0,0,4,B,B2,E3,B4,C5,B6,C7,B8,A9,B10
Lot470,34,1,13,18,0,0,2,A,A2,D3,B4,C5,B6,D7,B8,A9,A10
Lot471,32,11,5,6,0,0,10,A,A2,D3,B4,C5,C6,D7,B8,A9,B10
Lot472,23,4,12,7,0,0,0,B,B2,D3,B4,C5,B6,D7,B8,A9,A10
Lot473,24,9,11,2,0,1,1,C,B2,A3,B4,C5,B6,D7,B8,A9,B10
Lot474,22,8,7,1,0,2,4,A,B2,A3,B4,C5,B6,D7,B8,A9,B10
Lot475,25,6,15,0,0,1,3,A,A2,A3,B4,C5,B6,D7,B8,A9,B10
Lot476,43,7,12,19,0,0,5,A,A2,D3,B4,C5,B6,D7,B8,A9,A10
Lot477,43,4,26,11,0,0,2,A,B2,D3,B4,C5,B6,D7,B8,A9,A10
Lot478,25,7,4,1,0,4,9,B,B2,A3,B4,C5,B6,D7,B8,A9,B10
Lot479,45,17,12,13,0,0,3,A,A2,E3,B4,C5,B6,B7,B8,A9,B10
Lot480,30,7,11,3,0,6,3,B,A2,E3,B4,B5,B6,B7,B8,B9,B10
Lot481,23,3,13,0,0,5,2,B,B2,D3,B4,C5,B6,D7,B8,A9,B10
Lot482,40,11,18,6,0,2,3,A,A2,A3,B4,C5,B6,D7,B8,A9,B10
Lot483,24,8,5,8,0,1,2,B,B2,D3,B4,C5,C6,D7,B8,A9,B10
Lot484,18,6,7,0,0,1,4,A,B2,A3,B4,C5,B6,D7,B8,A9,A10
Lot485,19,6,8,0,0,0,5,A,A2,E3,B4,C5,B6,C7,B8,A9,B10
Lot486,13,3,5,1,0,0,4,B,B2,D3,B4,C5,B6,D7,B8,A9,B10
Lot487,22,5,8,0,0,1,8,A,A2,E3,B4,C5,B6,B7,B8,A9,B10
Lot488,17,6,6,0,0,0,5,B,B2,E3,B4,C5,B6,C7,B8,A9,B10
Lot489,25,7,15,0,0,1,2,A,A2,A3,B4,C5,B6,D7,B8,A9,A10
Lot490,31,9,5,12,0,2,3,B,B2,E3,B4,C5,B6,D7,B8,A9,B10
Lot491,21,7,8,2,0,2,2,A,A2,A3,B4,C5,B6,D7,B8,A9,B10
Lot492,25,11,9,2,0,1,2,A,B2,D3,B4,C5,B6,D7,B8,A9,A10
Lot493,16,4,9,1,0,0,2,B,B2,D3,B4,C5,B6,D7,B8,A9,A10
Lot494,17,3,11,0,0,0,3,A,A2,E3,B4,C5,B6,C7,B8,A9,B10
Lot495,20,5,12,0,0,0,3,B,B2,E3,B4,C5,B6,B7,B8,A9,B10
Lot496,16,4,5,0,0,0,7,A,A2,E3,B4,C5,B6,C7,B8,A9,B10
Lot497,22,2,6,9,0,1,4,A,A2,D3,B4,C5,C6,D7,B8,A9,B10
Lot498,22,9,8,1,0,4,0,B,A2,E3,B4,A5,B6,D7,B8,A9,B10
Lot499,29,16,11,0,0,2,0,B,B2,E3,B4,B5,B6,D7,B8,A9,B10
Lot500,51,16,25,4,0,1,5,B,B2,A3,B4,C5,B6,D7,B8,A9,B10
Lot501,36,14,16,2,0,2,2,C,B2,A3,B4,C5,B6,D7,B8,A9,B10
Lot502,29,5,12,9,0,0,3,B,B2,E3,B4,C5,B6,C7,B8,A9,B10
Lot503,16,3,7,0,0,1,5,A,A2,D3,B4,C5,B6,D7,B8,A9,B10
Lot504,29,4,8,14,0,0,3,A,A2,E3,B4,C5,B6,C7,B8,A9,B10
Lot505,10,6,3,0,0,0,1,A,A2,E3,B4,C5,B6,B7,B8,A9,B10
Lot506,59,4,29,21,0,0,5,A,A2,E3,B4,C5,B6,C7,B8,A9,B10
Lot507,34,5,8,16,0,0,5,A,A2,E3,B4,C5,B6,C7,B8,A9,B10
Lot508,15,7,4,0,0,1,3,A,A2,D3,B4,C5,B6,D7,B8,A9,B10
Lot509,21,10,7,0,0,0,4,A,A2,E3,B4,C5,B6,B7,B8,A9,B10
Lot510,18,4,12,0,0,0,2,A,A2,A3,B4,C5,B6,D7,B8,A9,B10
Lot511,26,8,9,4,0,3,2,A,A2,D3,B4,B5,C6,D7,B8,B9,B10
Lot512,47,17,11,8,0,8,3,A,B2,A3,B4,B5,B6,D7,B8,B9,B10
Lot513,28,2,8,1,9,4,4,A,B2,D3,B4,B5,B6,D7,B8,A9,B10
Lot514,83,29,38,0,0,14,2,B,B2,E3,B4,A5,B6,D7,B8,A9,B10
Lot515,20,5,13,0,0,0,2,B,A2,A3,B4,C5,B6,D7,B8,A9,B10
Lot516,28,12,12,0,0,4,0,A,B2,A3,B4,B5,B6,D7,B8,A9,B10
Lot517,46,28,10,2,0,4,2,A,B2,A3,B4,B5,B6,D7,B8,A9,B10
Lot518,36,18,10,2,0,0,6,B,A2,E3,B4,B5,B6,D7,B8,A9,B10
Lot519,27,1,12,1,6,3,4,A,A2,E3,B4,C5,B6,C7,B8,A9,B10
Lot520,32,5,16,9,0,1,1,A,A2,D3,B4,B5,B6,D7,B8,B9,B10
Lot521,55,30,17,3,0,4,1,A,A2,E3,B4,B5,B6,D7,B8,A9,B10
Lot522,25,0,10,1,7,2,5,B,B2,A3,B4,C5,B6,C7,B8,A9,B10
Lot523,32,13,9,5,0,1,4,A,B2,D3,B4,B5,B6,D7,B8,B9,B10
Lot524,32,12,16,0,0,1,3,B,A2,A3,B4,C5,B6,D7,B8,A9,B10
Lot525,24,11,9,3,0,0,1,A,B2,D3,B4,B5,C6,D7,B8,B9,B10
Lot526,43,0,8,3,11,8,13,C,B2,A3,B4,C5,B6,C7,B8,A9,B10
Lot527,19,8,6,1,0,2,2,B,B2,A3,B4,C5,B6,D7,B8,A9,B10
Lot528,41,19,13,3,0,1,5,B,B2,A3,B4,C5,B6,D7,B8,A9,B10
Lot529,20,6,10,0,0,0,4,A,A2,E3,B4,B5,B6,D7,B8,A9,B10
Lot530,14,0,3,5,2,3,1,B,B2,D3,B4,B5,B6,D7,B8,A9,B10
Lot531,24,0,15,0,5,1,3,A,B2,A3,B4,C5,B6,D7,B8,A9,B10
Lot532,32,10,13,6,0,1,2,A,B2,D3,B4,B5,B6,D7,B8,B9,B10
Lot533,26,8,10,0,0,6,2,A,A2,A3,B4,B5,B6,D7,B8,A9,B10
Lot534,41,0,14,5,8,8,6,B,B2,A3,B4,C5,B6,C7,B8,A9,B10
Lot535,20,0,10,3,5,0,2,B,B2,E3,B4,C5,B6,A7,B8,A9,B10
Lot536,36,6,8,5,7,4,6,B,B2,E3,C4,C5,B6,A7,B8,B9,B10
Lot537,31,3,7,6,5,4,6,B,A2,E3,B4,C5,B6,A7,B8,B9,B10
Lot538,31,0,10,11,8,1,1,B,B2,E3,B4,C5,B6,A7,B8,A9,B10
Lot539,21,0,8,1,2,3,7,B,B2,D3,B4,B5,B6,D7,B8,A9,B10
Lot540,62,19,21,9,0,2,11,B,A2,E3,B4,C5,B6,C7,B8,B9,B10
Lot541,43,0,22,1,4,3,13,A,A2,E3,B4,C5,B6,D7,B8,A9,B10
Lot542,15,0,10,0,4,0,1,C,B2,A3,B4,C5,B6,D7,B8,A9,B10
Lot543,29,0,14,5,2,4,4,C,A2,E3,B4,C5,B6,D7,B8,A9,B10
Lot544,28,4,19,0,0,0,5,B,A2,E3,B4,B5,B6,D7,B8,A9,B10
Lot545,37,0,15,7,7,4,4,B,B2,A3,B4,C5,B6,D7,B8,A9,B10
Lot546,30,12,18,0,0,0,0,A,A2,A3,B4,C5,B6,C7,B8,A9,B10
Lot547,45,0,29,4,4,0,8,B,B2,A3,B4,C5,B6,D7,B8,A9,B10
Lot548,27,1,9,5,4,4,4,A,A2,E3,B4,C5,B6,C7,B8,A9,B10
Lot549,28,0,9,10,3,5,1,A,B2,D3,B4,B5,B6,D7,B8,A9,B10
Lot550,55,3,17,5,7,11,12,B,B2,E3,B4,C5,B6,C7,B8,A9,B10
Lot551,26,3,7,1,8,3,4,B,A2,E3,B4,C5,B6,A7,B8,B9,B10
Lot552,41,0,12,3,16,7,3,B,B2,E3,B4,C5,B6,A7,B8,A9,B10
Lot553,19,4,4,3,3,1,4,B,A2,E3,B4,C5,B6,A7,B8,B9,B10
Lot554,38,7,16,6,0,5,4,B,B2,E3,B4,C5,B6,A7,B8,A9,B10
Lot555,33,14,9,3,0,3,4,B,B2,E3,B4,C5,B6,A7,B8,B9,B10
Lot556,27,16,6,0,0,3,2,B,A2,A3,C4,A5,B6,B7,B8,A9,B10
Lot557,37,13,9,8,0,4,3,B,B2,E3,B4,C5,B6,C7,B8,A9,B10
Lot558,34,10,13,5,0,2,4,B,B2,E3,B4,C5,B6,C7,B8,A9,B10
Lot559,31,10,7,5,0,4,5,C,A2,E3,B4,C5,B6,A7,B8,B9,B10
Lot560,44,0,17,1,9,9,8,A,A2,E3,B4,C5,B6,A7,B8,A9,B10
Lot561,18,9,4,1,0,0,4,C,A2,E3,B4,C5,B6,A7,B8,A9,B10
Lot562,51,13,15,9,0,10,4,C,B2,E3,B4,C5,B6,A7,B8,A9,B10
Lot563,57,18,12,8,0,6,13,B,B2,E3,B4,C5,B6,A7,B8,B9,B10
Lot564,32,0,18,4,8,0,2,B,B2,E3,B4,C5,B6,A7,B8,A9,B10
Lot565,25,5,14,0,0,5,1,B,A2,A3,B4,A5,B6,C7,B8,A9,B10
Lot566,29,13,12,0,0,1,3,B,A2,A3,B4,A5,B6,B7,B8,A9,B10
Lot567,15,1,8,5,0,0,1,B,B2,A3,B4,A5,B6,A7,B8,A9,B10
Lot568,28,15,7,0,0,3,3,A,A2,E3,C4,A5,B6,B7,B8,A9,B10
Lot569,10,2,3,0,0,2,3,B,A2,E3,B4,A5,B6,A7,B8,A9,B10
Lot570,26,7,6,9,0,1,3,A,A2,E3,B4,C5,B6,A7,B8,A9,B10
Lot571,33,12,10,6,0,3,2,B,A2,E3,B4,A5,B6,A7,B8,A9,B10
Lot572,41,22,11,0,0,4,4,B,B2,E3,C4,A5,B6,B7,B8,A9,B10
Lot573,32,12,8,4,1,2,5,C,A2,E3,B4,C5,B6,B7,B8,B9,B10
Lot574,24,9,7,2,2,3,1,B,A2,E3,B4,C5,B6,C7,B8,B9,B10
Lot575,36,17,11,1,0,1,6,B,B2,E3,B4,C5,B6,B7,B8,B9,B10
Lot576,30,13,13,0,2,2,0,B,A2,E3,B4,C5,B6,C7,B8,B9,B10
Lot577,57,0,17,6,15,4,15,B,B2,E3,B4,C5,B6,C7,B8,B9,B10
Lot578,18,6,12,0,0,0,0,B,B2,A3,B4,A5,B6,A7,B8,A9,B10
Lot579,38,17,13,4,0,0,4,B,A2,E3,B4,B5,B6,B7,B8,B9,B10
Lot580,25,1,9,7,0,4,4,B,B2,E3,B4,C5,B6,B7,B8,B9,B10
Lot581,30,11,14,0,0,3,2,A,B2,E3,B4,C5,C6,B7,B8,A9,B10
Lot582,21,18,2,0,0,1,0,B,B2,A3,B4,C5,B6,B7,B8,A9,B10
Lot583,14,6,3,2,0,2,1,B,A2,E3,B4,B5,B6,B7,B8,B9,B10
Lot584,26,5,15,5,0,1,0,A,B2,A3,B4,C5,B6,B7,B8,B9,A10
Lot585,45,6,21,12,2,0,4,A,A2,A3,B4,C5,B6,B7,B8,B9,A10
Lot586,18,9,9,0,0,0,0,C,B2,E3,B4,C5,B6,A7,B8,B9,B10
Lot587,42,0,11,21,4,5,1,A,A2,E3,B4,C5,B6,A7,B8,A9,A10
Lot588,25,4,8,6,0,4,3,B,A2,E3,B4,B5,B6,B7,B8,B9,B10
Lot589,50,0,27,9,5,4,5,B,B2,E3,B4,C5,B6,A7,B8,B9,B10
Lot590,30,5,14,2,0,2,7,B,A2,E3,B4,A5,B6,A7,B8,A9,B10
Lot591,28,16,7,0,0,4,1,B,A2,A3,B4,A5,B6,B7,B8,A9,B10
Lot592,37,5,23,6,3,0,0,A,A2,E3,B4,C5,B6,B7,B8,B9,A10
Lot593,37,0,18,10,6,0,3,B,B2,A3,B4,C5,B6,A7,B8,A9,A10
Lot594,45,0,18,17,4,3,3,B,B2,A3,B4,C5,B6,A7,B8,A9,A10
Lot595,30,0,14,7,5,1,3,B,B2,A3,B4,C5,B6,A7,B8,A9,A10
Lot596,13,6,6,0,0,0,1,A,A2,E3,B4,C5,B6,A7,B8,B9,B10
Lot597,17,13,4,0,0,0,0,A,A2,E3,B4,C5,B6,B7,B8,B9,B10
Lot598,15,9,6,0,0,0,0,A,A2,E3,B4,C5,B6,B7,B8,B9,B10
Lot599,27,5,13,4,0,3,2,B,A2,E3,B4,C5,B6,A7,B8,A9,B10
Lot600,23,3,11,8,0,0,1,A,B2,A3,B4,C5,B6,B7,B8,B9,A10
Lot601,27,0,6,14,3,2,2,A,A2,E3,B4,C5,B6,A7,B8,A9,A10
Lot602,57,0,29,13,8,4,3,A,A2,E3,B4,C5,B6,B7,B8,B9,B10
Lot603,28,3,15,10,0,0,0,A,B2,A3,B4,C5,B6,B7,B8,B9,A10
Lot604,56,3,15,18,8,9,3,A,A2,E3,B4,C5,B6,A7,B8,A9,A10
Lot605,46,2,23,9,7,3,2,B,B2,A3,B4,C5,B6,A7,B8,A9,A10
Lot606,24,0,8,10,3,0,3,B,B2,A3,B4,C5,B6,A7,B8,A9,A10
Lot607,19,6,7,2,0,1,3,B,A2,E3,B4,C5,B6,A7,B8,A9,B10
Lot608,24,9,9,2,0,0,4,B,A2,E3,B4,C5,B6,A7,B8,A9,B10
Lot609,29,7,17,0,0,0,5,A,A2,E3,B4,C5,B6,A7,B8,A9,B10
Lot610,30,6,7,6,0,6,5,A,A2,E3,B4,C5,B6,A7,B8,A9,B10
Lot611,27,8,4,9,0,3,3,B,B2,E3,B4,C5,B6,A7,B8,A9,B10
Lot612,14,4,7,2,0,1,0,B,B2,E3,B4,C5,B6,A7,B8,A9,B10
Lot613,30,23,6,0,0,1,0,C,B2,E3,B4,C5,B6,A7,B8,B9,B10
Lot614,18,8,5,1,0,2,2,B,B2,A3,B4,C5,B6,A7,B8,A9,B10
Lot615,30,4,21,0,0,2,3,B,A2,E3,B4,C5,B6,A7,B8,A9,B10
Lot616,29,10,15,0,0,0,4,A,A2,A3,B4,C5,B6,B7,B8,A9,B10
Lot617,49,10,14,11,0,7,7,B,B2,E3,B4,C5,B6,A7,B8,A9,B10
Lot618,21,8,7,3,0,3,0,B,B2,A3,B4,C5,B6,A7,B8,A9,B10
Lot619,22,14,6,1,0,0,1,B,B2,E3,B4,C5,B6,A7,B8,B9,B10
Lot620,14,10,2,0,0,0,2,C,B2,E3,B4,C5,B6,A7,B8,B9,B10
Lot621,29,4,11,10,0,0,4,C,B2,E3,B4,C5,B6,A7,B8,A9,A10
Lot622,16,4,9,0,0,0,3,B,A2,E3,B4,C5,B6,A7,B8,A9,B10
Lot623,27,8,13,1,0,4,1,A,B2,E3,B4,C5,B6,A7,B8,A9,B10
Lot624,42,9,15,12,0,0,6,A,A2,E3,B4,C5,B6,A7,B8,A9,A10
Lot625,37,20,14,0,0,3,0,B,B2,E3,B4,C5,B6,C7,B8,B9,B10
Lot626,24,7,9,3,0,2,3,A,A2,E3,B4,C5,B6,B7,B8,A9,B10
Lot627,18,9,1,1,0,6,1,A,A2,E3,B4,C5,B6,A7,B8,B9,B10
Lot628,27,11,3,6,0,2,5,A,A2,E3,B4,C5,B6,B7,B8,A9,B10
Lot629,43,14,11,8,0,4,6,B,B2,E3,B4,C5,B6,A7,B8,A9,B10
Lot630,33,14,3,2,0,8,6,A,A2,E3,B4,C5,B6,A7,B8,B9,B10
Lot631,27,13,2,0,1,10,1,A,A2,E3,B4,C5,B6,A7,B8,B9,B10
Lot632,16,6,2,3,0,3,2,A,A2,E3,B4,C5,B6,A7,B8,B9,B10
Lot633,39,0,18,10,8,2,1,B,B2,E3,B4,C5,B6,C7,B8,A9,A10
Lot634,13,7,4,0,0,1,1,A,A2,D3,B4,C5,B6,A7,B8,B9,B10
Lot635,23,13,8,0,0,0,2,A,A2,D3,B4,C5,B6,A7,B8,B9,B10
Lot636,27,12,4,0,0,7,4,A,A2,E3,B4,C5,B6,A7,B8,B9,B10
Lot637,20,7,7,3,0,1,2,B,B2,E3,B4,C5,B6,B7,B8,A9,B10
Lot638,30,1,14,8,3,2,2,B,B2,E3,B4,C5,B6,C7,B8,A9,A10
Lot639,29,16,0,1,0,6,6,A,A2,E3,B4,C5,B6,A7,B8,B9,B10
Lot640,44,19,4,11,0,7,3,A,B2,A3,B4,C5,B6,A7,B8,A9,B10
Lot641,34,12,12,9,0,0,1,A,B2,A3,B4,C5,B6,D7,B8,A9,B10
Lot642,41,20,9,6,0,0,6,A,B2,E3,B4,C5,B6,B7,B8,A9,B10
Lot643,25,20,3,0,0,1,1,B,A2,A3,B4,C5,B6,A7,B8,A9,B10
Lot644,54,10,10,20,0,4,10,B,B2,E3,B4,C5,B6,A7,B8,A9,B10
Lot645,20,9,6,0,0,0,5,B,A2,E3,B4,C5,B6,A7,B8,A9,B10
Lot646,45,0,22,11,9,1,2,B,B2,E3,B4,C5,B6,C7,B8,A9,A10
Lot647,48,15,17,13,0,0,3,A,B2,A3,B4,C5,B6,B7,B8,A9,B10
Lot648,37,11,13,4,0,2,7,A,A2,A3,B4,C5,B6,B7,B8,A9,B10
Lot649,40,10,7,5,0,15,3,A,B2,A3,B4,C5,B6,A7,B8,A9,B10
Lot650,24,11,3,0,0,6,4,B,A2,A3,B4,C5,B6,A7,B8,B9,B10
Lot651,14,8,4,0,0,0,2,A,B2,E3,B4,C5,B6,A7,B8,A9,B10
Lot652,40,23,8,3,0,2,4,A,A2,A3,B4,C5,B6,A7,B8,A9,B10
Lot653,22,8,7,0,0,0,7,A,B2,E3,D4,C5,B6,A7,B8,A9,B10
Lot654,138,13,110,5,0,9,1,B,B2,A3,B4,C5,B6,A7,B8,A9,B10
Lot655,38,15,20,0,0,0,3,A,B2,E3,B4,C5,B6,A7,B8,A9,B10
Lot656,39,19,12,7,0,0,1,A,B2,E3,B4,C5,B6,D7,B8,A9,B10
Lot657,26,10,8,4,0,2,2,B,B2,A3,B4,C5,B6,B7,B8,A9,B10
Lot658,20,10,5,1,0,2,2,A,A2,A3,B4,C5,B6,A7,B8,A9,B10
Lot659,36,15,12,4,0,0,5,A,B2,A3,B4,C5,B6,A7,B8,A9,B10
Lot660,42,14,4,10,0,11,3,A,B2,A3,B4,C5,B6,A7,B8,A9,B10
Lot661,25,19,6,0,0,0,0,C,B2,A3,B4,C5,B6,A7,B8,A9,B10
Lot662,26,9,4,1,0,5,7,A,B2,E3,B4,C5,B6,B7,B8,A9,B10
Lot663,47,13,19,12,0,0,3,A,B2,E3,B4,C5,B6,B7,B8,A9,B10
Lot664,47,24,7,9,0,6,1,A,B2,A3,B4,C5,B6,A7,B8,A9,B10
Lot665,17,9,4,1,0,0,3,C,B2,A3,B4,C5,B6,B7,B8,A9,B10
Lot666,19,7,9,0,0,0,3,A,B2,A3,B4,C5,B6,B7,B8,A9,B10
Lot667,19,9,7,2,0,0,1,A,A2,E3,B4,C5,B6,E7,B8,A9,B10
Lot668,33,15,9,4,0,0,5,A,A2,E3,B4,C5,B6,E7,B8,A9,B10
Lot669,24,7,6,0,0,5,6,A,B2,E3,D4,C5,B6,B7,B8,A9,B10
Lot670,24,11,6,4,0,2,1,B,B2,A3,B4,C5,B6,B7,B8,A9,B10
Lot671,147,11,117,14,0,0,5,A,B2,E3,B4,C5,B6,B7,B8,A9,B10
Lot672,31,15,11,1,0,1,3,C,A2,E3,B4,C5,B6,A7,B8,A9,B10
Lot673,34,22,7,2,0,1,2,B,B2,E3,B4,C5,B6,E7,B8,A9,B10
Lot674,27,6,6,6,0,7,2,A,A2,E3,B4,C5,B6,B7,B8,A9,B10
Lot675,15,11,2,0,0,2,0,A,B2,E3,B4,A5,B6,A7,B8,A9,B10
Lot676,21,5,3,1,0,3,9,A,B2,E3,B4,C5,B6,A7,B8,A9,B10
Lot677,30,10,11,3,0,0,6,B,B2,E3,B4,C5,B6,E7,B8,A9,B10
Lot678,32,18,7,0,0,3,4,B,B2,E3,B4,A5,B6,E7,B8,A9,B10
Lot679,16,8,5,0,0,0,3,A,A2,E3,B4,C5,B6,E7,B8,A9,B10
Lot680,35,22,7,0,0,3,3,B,B2,E3,B4,C5,B6,E7,B8,A9,B10
Lot681,63,10,27,15,0,5,6,B,B2,E3,B4,C5,B6,E7,B8,A9,B10
Lot682,68,7,43,7,0,8,3,B,B2,E3,B4,C5,B6,E7,B8,A9,B10
Lot683,58,9,20,22,0,7,0,C,A2,E3,B4,C5,A6,A7,B8,A9,B10
Lot684,59,12,25,15,0,5,2,C,B2,E3,B4,C5,B6,A7,B8,A9,B10
Lot685,46,12,15,13,0,0,6,A,B2,E3,B4,C5,B6,D7,B8,A9,B10
Lot686,38,10,12,8,0,7,1,B,A2,E3,B4,C5,B6,A7,B8,A9,B10
Lot687,25,8,13,1,0,0,3,A,A2,E3,B4,C5,B6,E7,B8,A9,B10
Lot688,50,4,28,10,0,5,3,B,B2,E3,B4,C5,B6,E7,B8,A9,B10
Lot689,26,4,9,7,0,6,0,B,B2,E3,B4,B5,B6,C7,B8,A9,B10
Lot690,50,18,15,7,0,6,4,B,B2,E3,B4,C5,B6,E7,B8,A9,B10
Lot691,23,5,11,4,0,0,3,C,A2,E3,B4,C5,B6,A7,B8,A9,B10
Lot692,29,16,9,0,0,3,1,B,B2,E3,B4,B5,B6,E7,B8,A9,B10
Lot693,28,19,7,0,0,2,0,B,B2,E3,B4,C5,B6,E7,B8,A9,B10
Lot694,36,19,13,0,0,1,3,A,A2,A3,B4,C5,B6,E7,B8,A9,B10
Lot695,62,20,18,12,0,4,8,A,A2,A3,B4,C5,B6,D7,B8,B9,B10
Lot696,69,0,36,18,3,0,12,A,A2,E3,B4,C5,C6,B7,B8,B9,B10
Lot697,24,0,7,2,5,2,8,B,B2,E3,B4,B5,B6,E7,B8,B9,B10
Lot698,63,0,35,10,14,3,1,C,B2,A3,B4,C5,B6,A7,B8,A9,B10
Lot699,37,9,13,7,0,5,3,B,B2,E3,B4,B5,B6,C7,B8,A9,B10
Lot700,62,23,14,15,0,10,0,C,A2,E3,B4,C5,A6,A7,B8,A9,B10
Lot701,63,14,27,14,0,6,2,C,A2,E3,B4,C5,A6,A7,B8,A9,B10
Lot702,29,15,4,0,0,1,9,C,B2,A3,B4,C5,B6,E7,B8,A9,B10
Lot703,54,13,15,9,0,8,9,C,A2,E3,B4,C5,B6,A7,B8,B9,B10
Lot704,35,16,11,0,0,1,7,C,A2,E3,B4,C5,B6,A7,B8,A9,B10
Lot705,34,15,12,2,0,5,0,B,A2,E3,B4,C5,B6,A7,B8,A9,B10
Lot706,41,18,13,2,0,5,3,B,B2,E3,B4,B5,B6,C7,B8,B9,B10
Lot707,37,12,11,4,0,6,4,B,B2,E3,B4,B5,B6,C7,B8,A9,B10
Lot708,49,13,20,9,0,4,3,B,B2,E3,B4,A5,B6,D7,B8,A9,B10
Lot709,41,12,19,5,0,4,1,B,B2,E3,B4,B5,B6,D7,B8,A9,B10
Lot710,53,11,24,8,0,4,6,B,B2,E3,B4,B5,B6,C7,B8,A9,B10
Lot711,31,10,15,0,0,3,3,A,A2,A3,B4,C5,B6,E7,B8,A9,B10
Lot712,36,13,11,3,0,2,7,A,A2,E3,B4,B5,B6,A7,B8,A9,B10
Lot713,45,10,16,4,0,7,8,A,A2,E3,B4,B5,B6,D7,B8,B9,B10
Lot714,51,5,25,5,0,7,9,A,A2,A3,B4,C5,B6,E7,B8,A9,B10
Lot715,54,10,30,4,0,4,6,A,A2,A3,B4,C5,B6,D7,B8,A9,B10
Lot716,95,15,58,7,0,5,10,C,A2,E3,B4,C5,B6,B7,B8,A9,B10
Lot717,42,0,24,6,9,1,2,A,A2,E3,B4,C5,B6,B7,B8,B9,B10
Lot718,51,19,23,7,0,1,1,C,B2,A3,B4,C5,B6,E7,B8,A9,B10
Lot719,37,15,11,2,0,2,7,A,A2,A3,B4,C5,B6,D7,B8,A9,B10
Lot720,27,4,10,1,0,1,11,B,B2,E3,B4,C5,B6,B7,B8,B9,B10
Lot721,37,16,13,1,0,0,7,B,B2,E3,B4,C5,B6,B7,B8,B9,B10
Lot722,31,9,6,6,0,6,4,B,B2,E3,B4,B5,B6,C7,B8,A9,B10
Lot723,44,0,22,6,4,2,10,C,A2,E3,B4,C5,B6,A7,B8,A9,B10
Lot724,25,0,9,7,2,4,3,A,A2,A3,B4,C5,B6,A7,B8,A9,B10
Lot725,30,0,18,5,5,1,1,B,B2,E3,B4,C5,B6,A7,B8,A9,B10
Lot726,37,0,21,6,8,2,0,C,B2,A3,B4,C5,B6,E7,B8,A9,B10
Lot727,51,22,14,7,0,2,6,A,A2,E3,B4,C5,B6,B7,B8,B9,B10
Lot728,29,0,16,3,1,6,3,B,B2,A3,B4,C5,B6,E7,B8,A9,B10
Lot729,41,0,11,10,18,0,2,B,A2,E3,B4,C5,B6,C7,B8,B9,B10
Lot730,55,3,16,23,0,9,4,B,B2,E3,B4,C5,C6,B7,B8,A9,B10
Lot731,51,0,25,9,11,2,4,B,B2,E3,B4,C5,B6,B7,B8,B9,B10
Lot732,36,12,15,2,0,2,5,C,B2,A3,B4,C5,B6,A7,B8,A9,B10
Lot733,43,2,10,14,0,13,4,B,B2,E3,B4,C5,C6,B7,B8,A9,B10
Lot734,46,0,15,9,16,2,4,B,A2,E3,D4,C5,B6,A7,B8,B9,B10
Lot735,40,0,15,5,9,4,7,B,A2,E3,D4,C5,B6,A7,B8,B9,B10
Lot736,36,0,20,9,2,0,5,B,B2,E3,B4,C5,C6,B7,B8,B9,B10
Lot737,18,8,6,0,0,0,4,A,A2,E3,B4,C5,B6,B7,B8,A9,B10
Lot738,24,9,9,1,0,0,5,A,A2,E3,B4,C5,B6,B7,B8,A9,B10
Lot739,47,7,11,11,0,10,8,B,B2,E3,B4,C5,C6,B7,B8,A9,B10
Lot740,74,0,25,6,35,3,5,B,A2,E3,B4,C5,B6,C7,B8,B9,B10
Lot741,43,3,22,8,0,8,2,B,B2,E3,B4,C5,C6,B7,B8,A9,B10
Lot742,45,7,21,3,0,8,6,B,B2,A3,B4,C5,B6,E7,B8,A9,B10
Lot743,65,0,28,10,14,6,7,B,B2,E3,B4,C5,B6,C7,B8,B9,B10
Lot744,38,0,24,4,4,3,3,B,B2,A3,B4,C5,B6,E7,B8,A9,B10
Lot745,43,0,29,7,0,2,5,B,B2,A3,B4,C5,B6,E7,B8,A9,B10
Lot746,40,0,21,5,4,5,5,A,A2,E3,B4,C5,B6,E7,B8,A9,B10
Lot747,61,13,24,1,0,11,12,A,A2,E3,B4,C5,B6,B7,B8,A9,B10
Lot748,26,0,14,3,1,3,5,B,B2,E3,B4,C5,B6,B7,B8,A9,B10
Lot749,73,0,27,5,22,6,13,A,B2,E3,B4,B5,B6,E7,B8,B9,B10
Lot750,28,0,13,6,0,4,5,A,A2,E3,B4,C5,B6,D7,B8,B9,B10
Lot751,49,0,26,5,0,3,15,A,A2,E3,B4,C5,B6,B7,B8,A9,B10
Lot752,47,0,16,6,14,3,8,A,A2,E3,B4,B5,B6,E7,B8,B9,B10
Lot753,43,9,19,0,0,3,12,C,B2,E3,B4,C5,B6,E7,B8,A9,B10
Lot754,48,0,15,6,7,4,16,A,B2,E3,B4,B5,B6,E7,B8,B9,B10
Lot755,44,0,18,8,3,4,11,B,B2,E3,B4,B5,B6,E7,B8,B9,B10
Lot756,14,6,7,0,0,0,1,C,B2,E3,B4,C5,B6,D7,B8,A9,B10
Lot757,17,0,9,2,3,2,1,B,B2,E3,B4,C5,B6,B7,B8,A9,B10
Lot758,31,8,12,0,0,6,5,B,B2,A3,B4,C5,B6,E7,B8,A9,B10
Lot759,46,0,22,11,6,1,6,A,A2,E3,B4,C5,B6,E7,B8,B9,B10
Lot760,53,0,9,15,8,15,6,B,B2,E3,B4,C5,B6,B7,B8,A9,B10
Lot761,29,0,18,6,2,1,2,B,B2,E3,B4,C5,B6,B7,B8,A9,B10
Lot762,38,0,21,6,5,0,6,A,A2,E3,B4,C5,B6,B7,B8,A9,B10
Lot763,31,0,11,5,4,3,8,A,A2,E3,B4,C5,B6,D7,B8,B9,B10
Lot764,25,9,5,2,0,8,1,A,A2,E3,B4,C5,B6,A7,B8,A9,B10
Lot765,33,4,11,4,0,9,5,A,A2,E3,B4,C5,B6,E7,B8,A9,B10
Lot766,95,15,36,43,0,0,1,B,A2,E3,B4,C5,B6,E7,B8,B9,B10
Lot767,26,8,9,3,0,4,2,A,A2,E3,B4,C5,B6,E7,B8,A9,B10
Lot768,44,13,14,17,0,0,0,A,A2,E3,B4,C5,C6,E7,B8,A9,B10
Lot769,21,9,7,1,0,0,4,A,A2,E3,B4,C5,B6,B7,B8,B9,B10
Lot770,34,13,12,0,0,6,3,C,B2,E3,B4,C5,B6,A7,B8,A9,B10
Lot771,36,4,21,0,0,3,8,C,B2,E3,B4,C5,B6,D7,B8,A9,B10
Lot772,35,9,13,1,0,8,4,A,B2,E3,B4,C5,B6,E7,B8,A9,B10
Lot773,36,0,19,2,3,3,9,A,B2,A3,C4,C5,B6,C7,B8,B9,B10
Lot774,34,5,7,19,0,0,3,B,A2,E3,B4,C5,B6,E7,B8,A9,B10
Lot775,8,7,0,0,0,0,1,A,A2,E3,B4,B5,C6,E7,B8,A9,B10
Lot776,40,1,23,3,0,9,4,B,A2,E3,B4,C5,B6,E7,B8,A9,B10
Lot777,20,5,4,0,0,3,8,C,B2,E3,B4,C5,B6,E7,B8,A9,B10
Lot778,74,21,14,37,0,0,2,A,A2,E3,B4,C5,B6,E7,B8,A9,B10
Lot779,22,6,8,2,0,5,1,B,A2,E3,B4,C5,B6,D7,C8,A9,A10
Lot780,39,12,4,23,0,0,0,A,A2,E3,B4,C5,C6,E7,B8,A9,B10
Lot781,37,0,8,7,5,11,6,A,A2,E3,B4,B5,C6,B7,B8,A9,B10
Lot782,33,6,12,4,0,7,4,C,B2,E3,B4,C5,B6,A7,B8,B9,B10
Lot783,31,5,21,1,0,1,3,A,A2,E3,B4,C5,B6,D7,C8,A9,A10
Lot784,30,9,11,4,0,6,0,A,B2,E3,B4,C5,B6,A7,B8,B9,B10
Lot785,31,4,10,3,0,9,5,A,A2,E3,B4,B5,B6,A7,B8,A9,B10
Lot786,42,0,12,10,3,14,3,A,A2,E3,B4,C5,B6,B7,B8,A9,B10
Lot787,25,6,8,4,0,3,4,A,A2,E3,B4,C5,B6,B7,B8,A9,B10
Lot788,32,9,11,2,0,9,1,A,A2,E3,B4,B5,C6,A7,B8,A9,B10
Lot789,26,15,6,0,0,3,2,B,B2,E3,C4,A5,B6,A7,B8,B9,B10
Lot790,33,6,14,3,0,8,2,B,B2,E3,B4,B5,B6,B7,B8,A9,B10
Lot791,32,5,16,8,0,2,1,A,B2,A3,C4,C5,B6,A7,B8,B9,B10
Lot792,32,19,9,0,0,1,3,B,B2,E3,B4,B5,B6,A7,B8,A9,B10
Lot793,33,10,8,2,0,11,2,B,B2,E3,B4,B5,B6,A7,B8,A9,B10
Lot794,31,0,13,7,4,3,4,A,B2,E3,C4,C5,B6,C7,B8,B9,B10
Lot795,35,13,14,0,0,5,3,A,B2,E3,B4,C5,B6,A7,B8,B9,B10
Lot796,53,9,19,11,0,8,6,C,B2,E3,B4,C5,B6,B7,B8,B9,B10
Lot797,33,0,10,6,4,7,6,B,B2,E3,B4,B5,B6,B7,B8,A9,B10
Lot798,23,0,18,1,3,1,0,B,B2,E3,C4,C5,B6,C7,B8,B9,B10
Lot799,42,0,11,6,11,8,6,C,A2,E3,B4,C5,B6,B7,B8,B9,B10
Lot800,20,0,13,1,3,0,3,A,B2,E3,B4,C5,B6,A7,B8,B9,B10
Lot801,50,13,8,19,0,3,7,A,B2,E3,B4,B5,B6,A7,B8,A9,B10
Lot802,30,8,12,1,0,4,5,A,B2,E3,B4,C5,B6,A7,B8,B9,B10
Lot803,24,5,11,1,0,1,6,B,B2,E3,B4,C5,B6,C7,B8,B9,B10
Lot804,76,0,20,3,17,18,18,A,A2,E3,B4,C5,B6,C7,B8,B9,B10
Lot805,44,3,16,5,1,15,4,A,B2,E3,B4,B5,B6,B7,B8,A9,B10
Lot806,39,6,12,13,1,4,3,A,B2,E3,B4,B5,B6,B7,B8,A9,B10
Lot807,42,1,14,16,4,2,5,A,A2,E3,B4,B5,B6,A7,B8,A9,B10
Lot808,16,0,4,1,6,1,4,A,B2,E3,B4,C5,B6,A7,B8,B9,B10
Lot809,23,8,3,3,0,6,3,A,B2,E3,B4,C5,B6,A7,B8,B9,B10
Lot810,29,8,15,0,0,2,4,A,A2,A3,B4,C5,B6,B7,B8,B9,B10
Lot811,24,12,3,0,0,2,7,A,A2,E3,B4,B5,B6,B7,B8,A9,B10
Lot812,17,7,2,0,0,0,8,B,A2,E3,B4,C5,B6,B7,B8,B9,B10
Lot813,38,0,24,5,3,3,3,A,B2,E3,B4,C5,B6,A7,B8,A9,B10
Lot814,52,0,12,8,16,2,14,C,A2,E3,B4,C5,B6,A7,B8,B9,B10
Lot815,38,11,13,5,0,3,6,B,B2,E3,B4,A5,B6,A7,B8,A9,B10
Lot816,27,9,8,2,0,0,8,B,B2,E3,B4,C5,B6,A7,B8,B9,B10
Lot817,37,14,10,2,0,3,8,A,A2,E3,B4,A5,B6,B7,B8,A9,B10
Lot818,30,0,13,5,6,1,5,B,B2,E3,B4,C5,B6,A7,B8,B9,B10
Lot819,47,0,12,2,16,8,9,C,B2,E3,B4,C5,B6,A7,B8,B9,B10
Lot820,18,4,8,3,0,2,1,A,A2,E3,B4,A5,B6,A7,B8,A9,B10
Lot821,25,10,7,5,0,6,2,A,A2,A3,B4,A5,B6,B7,B8,B9,B10
Lot822,47,0,14,1,10,6,12,C,A2,E3,B4,C5,B6,B7,B8,B9,B10
Lot823,24,0,14,1,4,2,3,A,B2,E3,B4,C5,B6,A7,B8,B9,B10
Lot824,50,20,15,5,1,3,10,B,B2,E3,B4,A5,B6,A7,B8,A9,B10
Lot825,55,0,22,2,15,4,9,C,A2,E3,B4,C5,B6,B7,B8,B9,B10
Lot826,33,0,7,9,14,4,6,B,A2,E3,B4,C5,B6,B7,B8,B9,B10
Lot827,55,0,14,15,17,3,12,A,A2,E3,B4,A5,C6,A7,B8,B9,B10
Lot828,60,0,21,8,12,3,9,B,A2,E3,B4,C5,B6,A7,B8,B9,B10
Lot829,57,0,14,1,18,6,11,B,B2,E3,B4,C5,B6,A7,B8,B9,B10
Lot830,19,4,8,6,0,4,2,C,B2,E3,B4,A5,B6,A7,B8,A9,B10
Lot831,49,0,13,9,12,4,14,B,A2,E3,B4,C5,B6,A7,B8,B9,B10
Lot832,45,7,11,2,0,8,10,A,A2,E3,B4,C5,B6,C7,B8,A9,B10
Lot833,30,9,10,19,0,3,6,A,A2,E3,B4,C5,B6,C7,B8,A9,B10
Lot834,68,16,18,2,0,4,11,A,A2,E3,B4,C5,B6,C7,B8,A9,B10
Lot835,58,11,15,7,1,18,11,A,A2,E3,B4,A5,B6,B7,B8,A9,B10
Lot836,39,4,12,3,1,12,3,A,A2,E3,B4,C5,B6,C7,B8,A9,B10
Lot837,43,19,6,2,1,8,6,A,A2,E3,B4,C5,B6,B7,B8,A9,B10
Lot838,30,6,5,0,1,9,7,A,A2,A3,B4,A5,B6,B7,B8,A9,B10
Lot839,20,6,6,0,0,7,1,A,A2,E3,B4,C5,B6,B7,B8,A9,B10
Lot840,70,26,17,15,0,7,5,A,A2,E3,B4,C5,B6,C7,B8,A9,B10
Lot841,24,11,6,2,0,3,2,A,A2,E3,B4,C5,B6,A7,B8,A9,B10
Lot842,40,11,8,4,2,13,2,A,A2,E3,B4,C5,B6,B7,B8,A9,B10
Lot843,49,8,10,10,0,17,4,A,A2,E3,B4,C5,B6,C7,B8,A9,B10
Lot844,55,36,8,2,0,2,7,A,A2,E3,B4,C5,B6,C7,B8,A9,B10
Lot845,60,40,15,0,0,2,3,A,A2,E3,B4,C5,B6,C7,B8,A9,B10
Lot846,30,11,5,0,0,8,6,A,A2,E3,B4,C5,B6,A7,B8,A9,B10
Lot847,45,23,12,0,0,8,2,A,A2,E3,B4,C5,B6,A7,B8,A9,B10
Lot848,43,11,9,5,0,8,10,A,A2,E3,B4,C5,B6,B7,B8,A9,B10
Lot849,42,17,7,6,0,4,8,A,A2,E3,B4,C5,B6,A7,A8,A9,B10
Lot850,25,13,2,2,0,4,4,A,A2,E3,B4,C5,B6,A7,B8,A9,B10
Lot851,24,11,3,3,0,5,2,A,A2,E3,B4,C5,B6,B7,B8,A9,B10
Lot852,24,10,5,3,0,3,3,A,A2,E3,B4,C5,B6,A7,B8,A9,B10
Lot853,21,4,5,2,0,3,7,A,A2,E3,B4,C5,B6,A7,B8,A9,B10
Lot854,39,21,3,4,0,8,3,A,A2,E3,B4,C5,B6,B7,B8,A9,B10
Lot855,40,13,7,2,0,2,16,A,A2,E3,B4,C5,B6,C7,B8,A9,B10
Lot856,20,5,8,0,0,3,4,A,A2,E3,B4,C5,B6,C7,B8,A9,B10
Lot857,29,8,9,1,0,3,8,A,A2,E3,B4,C5,B6,C7,B8,A9,B10
Lot858,36,20,3,6,1,5,1,A,A2,E3,B4,C5,B6,B7,B8,A9,B10
Lot859,43,17,4,11,0,3,8,A,A2,E3,B4,C5,B6,C7,B8,A9,B10
Lot860,68,14,25,8,0,3,18,A,A2,E3,B4,C5,B6,C7,B8,A9,B10
Lot861,18,13,4,0,0,0,1,B,B2,E3,B4,A5,B6,B7,B8,A9,B10
Lot862,22,10,2,7,0,0,3,A,A2,E3,B4,A5,B6,B7,B8,A9,B10
Lot863,33,14,6,5,0,4,4,B,B2,E3,B4,A5,B6,B7,B8,A9,B10
Lot864,99,0,22,41,22,1,13,B,B2,E3,B4,B5,B6,B7,B8,A9,B10
Lot865,22,15,3,0,0,0,4,A,A2,E3,B4,A5,B6,B7,B8,A9,B10
Lot866,25,0,6,4,5,8,2,B,B2,E3,B4,B5,B6,C7,B8,A9,B10
Lot867,28,5,15,3,0,4,1,A,A2,E3,B4,A5,C6,A7,B8,A9,B10
Lot868,43,2,23,2,0,9,7,A,A2,E3,B4,A5,C6,B7,B8,A9,B10
Lot869,15,7,5,0,0,2,1,A,A2,E3,B4,A5,B6,A7,B8,A9,B10
Lot870,26,2,13,3,0,7,1,A,A2,E3,B4,A5,B6,A7,B8,A9,B10
Lot871,15,7,3,2,0,1,2,A,A2,A3,B4,C5,B6,A7,B8,B9,B10
Lot872,31,17,9,2,0,2,1,A,A2,E3,B4,A5,C6,B7,B8,A9,B10
Lot873,29,6,11,2,0,8,2,B,B2,E3,B4,A5,C6,C7,B8,A9,B10
Lot874,30,11,10,1,0,2,6,A,A2,A3,B4,C5,B6,A7,B8,B9,B10
Lot875,37,26,8,0,0,1,2,A,A2,E3,B4,B5,B6,A7,B8,A9,B10
Lot876,22,3,12,3,0,1,3,A,A2,E3,B4,C5,B6,C7,B8,B9,B10
Lot877,15,6,7,0,0,2,0,A,A2,E3,B4,B5,B6,A7,B8,A9,B10
Lot878,32,19,4,0,0,5,4,B,A2,E3,B4,B5,B6,A7,B8,A9,B10
Lot879,36,0,9,7,11,2,7,B,B2,A3,B4,C5,C6,B7,B8,A9,B10
Lot880,31,0,8,3,8,7,5,B,B2,A3,B4,C5,C6,B7,B8,A9,B10
Lot881,36,9,11,4,0,6,6,A,A2,E3,B4,A5,B6,A7,B8,A9,B10
Lot882,29,7,11,1,0,4,6,A,A2,E3,B4,A5,B6,B7,B8,A9,B10
Lot883,47,3,24,3,0,9,8,B,A2,E3,A4,A5,B6,A7,B8,A9,B10
Lot884,18,6,8,0,0,1,3,A,A2,E3,B4,C5,B6,B7,B8,B9,B10
Lot885,23,0,11,8,0,3,1,B,B2,E3,B4,A5,B6,A7,B8,A9,B10
Lot886,29,10,11,0,0,4,4,B,B2,E3,B4,B5,B6,A7,B8,A9,B10
Lot887,13,0,7,3,0,1,2,A,A2,E3,B4,C5,B6,A7,B8,A9,B10
Lot888,29,11,15,0,0,2,1,B,B2,E3,B4,C5,B6,A7,B8,A9,B10
Lot889,9,0,6,0,0,1,2,A,A2,E3,B4,C5,B6,A7,B8,A9,B10
Lot890,27,14,10,0,0,1,2,A,A2,E3,B4,C5,B6,A7,B8,A9,B10
Lot891,17,0,10,2,3,0,2,A,A2,E3,B4,C5,B6,A7,B8,A9,B10
Lot892,18,5,11,0,0,0,2,B,B2,E3,B4,C5,B6,C7,B8,B9,B10
Lot893,12,5,6,0,0,0,1,B,A2,E3,B4,B5,C6,C7,B8,B9,B10
Lot894,18,3,11,0,0,1,3,A,A2,E3,B4,C5,B6,C7,B8,B9,B10
Lot895,60,0,28,5,11,8,8,A,B2,E3,B4,C5,B6,B7,B8,B9,B10
Lot896,34,8,18,1,0,3,4,A,A2,E3,B4,C5,B6,C7,B8,B9,B10
Lot897,22,6,6,0,0,1,9,A,A2,E3,B4,C5,B6,C7,B8,A9,B10
Lot898,14,3,6,0,0,0,5,A,A2,E3,B4,B5,C6,C7,B8,B9,B10
Lot899,30,0,7,6,3,5,9,A,A2,E3,B4,C5,B6,B7,B8,A9,B10
Lot900,26,7,9,3,0,2,5,B,A2,E3,B4,B5,C6,A7,B8,B9,B10
Lot901,35,0,17,8,3,2,5,A,A2,E3,B4,C5,B6,C7,B8,B9,B10
Lot902,19,0,13,2,1,0,3,A,B2,E3,B4,C5,B6,B7,B8,B9,B10
Lot903,29,6,15,3,0,0,5,A,B2,E3,B4,C5,B6,C7,B8,B9,B10
Lot904,22,0,19,0,2,0,1,A,A2,A3,A4,C5,B6,C7,B8,A9,B10
Lot905,36,0,29,1,4,1,1,A,A2,A3,A4,C5,B6,B7,B8,A9,B10
Lot906,19,4,10,2,0,2,1,B,A2,E3,B4,C5,B6,C7,B8,B9,B10
Lot907,21,0,11,0,6,0,4,A,A2,A3,A4,C5,B6,B7,B8,A9,B10
Lot908,39,0,15,4,1,1,18,A,A2,A3,A4,C5,B6,B7,B8,A9,B10
Lot909,31,4,9,8,0,3,7,A,A2,E3,B4,A5,B6,B7,A8,C9,A10
Lot910,30,4,20,1,0,0,5,A,A2,E3,B4,C5,B6,C7,B8,B9,B10
Lot911,42,15,16,1,0,1,9,A,A2,E3,B4,A5,B6,B7,B8,C9,A10
Lot912,30,4,8,2,0,1,15,A,A2,A3,B4,C5,B6,C7,B8,A9,B10
Lot913,36,12,12,3,0,6,3,A,A2,A3,B4,A5,B6,A7,B8,A9,B10
Lot914,32,4,22,4,0,0,2,A,A2,A3,B4,A5,B6,A7,B8,A9,B10
Lot915,29,7,20,0,0,1,1,B,A2,E3,B4,C5,B6,C7,B8,B9,B10
Lot916,16,5,6,1,0,2,2,A,A2,A3,A4,C5,B6,B7,B8,A9,B10
Lot917,36,16,7,3,0,4,6,A,A2,E3,B4,A5,B6,B7,B8,C9,A10
Lot918,31,15,8,4,0,2,2,A,A2,E3,B4,C5,B6,C7,B8,B9,B10
Lot919,44,21,3,1,0,13,6,A,A2,A3,B4,C5,B6,A7,B8,A9,B10
Lot920,12,5,3,0,0,3,1,A,A2,A3,B4,C5,B6,A7,B8,A9,B10
Lot921,26,20,5,0,0,0,1,B,B2,E3,B4,C5,B6,C7,B8,A9,B10
Lot922,64,27,14,5,0,11,7,A,A2,E3,B4,A5,B6,A7,B8,A9,B10
Lot923,30,12,6,1,0,5,6,A,A2,A3,B4,C5,B6,C7,B8,A9,B10
Lot924,30,1,10,0,0,6,13,A,A2,A3,B4,C5,B6,B7,B8,A9,B10
Lot925,19,3,7,1,0,0,8,A,A2,A3,B4,C5,B6,C7,B8,A9,B10
Lot926,18,6,7,0,0,5,0,A,A2,A3,B4,C5,B6,A7,B8,A9,B10
Lot927,44,28,0,16,0,0,0,A,A2,A3,B4,C5,B6,C7,B8,A9,B10
Lot928,37,8,16,1,0,1,11,A,A2,E3,B4,A5,B6,B7,B8,C9,A10
Lot929,28,3,7,0,0,10,8,A,A2,A3,B4,C5,B6,B7,B8,A9,B10
Lot930,31,10,12,0,0,0,9,B,A2,A3,B4,A5,B6,A7,B8,C9,A10
Lot931,32,8,18,2,0,0,4,A,A2,A3,B4,C5,B6,C7,B8,A9,B10
Lot932,43,13,17,3,0,2,8,A,A2,E3,B4,A5,B6,C7,B8,C9,A10
Lot933,41,9,15,4,0,4,9,B,A2,A3,B4,B5,B6,A7,B8,A9,B10
Lot934,8,3,1,0,1,0,3,B,B2,E3,B4,C5,B6,C7,B8,A9,B10
Lot935,24,9,1,1,0,10,3,A,A2,A3,B4,C5,B6,A7,B8,A9,B10
Lot936,25,7,12,0,0,3,3,A,A2,E3,B4,A5,B6,C7,B8,A9,B10
Lot937,17,1,8,1,0,3,4,A,A2,A3,B4,C5,B6,B7,B8,A9,B10
Lot938,21,9,1,1,0,5,5,A,A2,A3,B4,C5,B6,A7,B8,A9,B10
Lot939,36,14,10,2,0,4,6,A,A2,E3,B4,A5,B6,A7,B8,A9,B10
Lot940,44,16,9,3,0,1,15,A,A2,E3,B4,A5,B6,A7,B8,A9,B10
Lot941,28,8,10,1,0,3,6,A,A2,E3,B4,A5,B6,A7,B8,A9,B10
Lot942,62,30,7,6,0,13,6,A,A2,E3,B4,A5,B6,A7,B8,A9,B10
Lot943,29,3,14,1,0,5,6,A,A2,A3,B4,C5,B6,B7,B8,A9,B10
Lot944,39,20,3,3,0,8,5,A,A2,E3,B4,A5,B6,A7,B8,A9,B10
Lot945,21,4,13,1,0,3,0,A,A2,A3,B4,C5,B6,A7,B8,A9,B10
Lot946,68,33,23,6,0,1,5,A,A2,E3,B4,A5,B6,A7,B8,A9,B10
Lot947,31,3,10,1,0,11,6,A,A2,A3,B4,C5,B6,A7,B8,A9,B10
Lot948,77,37,17,9,0,5,9,A,A2,E3,B4,A5,B6,C7,B8,A9,B10
Lot949,60,29,18,2,0,7,4,A,B2,A3,B4,A5,B6,B7,B8,A9,B10
Lot950,17,8,3,3,0,2,1,B,B2,E3,B4,C5,B6,B7,B8,A9,B10
Lot951,67,28,24,1,0,8,6,A,A2,A3,B4,A5,B6,A7,B8,A9,B10
Lot952,25,13,8,1,0,1,2,A,A2,E3,B4,B5,B6,A7,B8,A9,B10
Lot953,21,14,1,1,0,1,4,A,A2,E3,B4,A5,B6,A7,B8,A9,B10
Lot954,35,13,2,3,0,16,1,B,B2,E3,B4,C5,B6,B7,B8,A9,B10
Lot955,46,10,19,3,0,8,6,C,B2,E3,B4,B5,B6,A7,B8,A9,B10
Lot956,40,19,11,1,0,7,2,A,A2,A3,B4,A5,B6,B7,B8,A9,B10
Lot957,45,25,12,1,0,4,3,A,B2,A3,B4,A5,B6,A7,B8,A9,B10
Lot958,38,11,7,6,1,7,6,B,B2,E3,B4,C5,B6,B7,B8,A9,B10
Lot959,16,6,2,2,0,1,5,B,A2,E3,B4,A5,B6,C7,B8,A9,B10
Lot960,78,31,19,4,0,9,15,A,A2,A3,B4,A5,B6,A7,B8,A9,B10
